Date,stocks,gold,bonds,property
2011-07-07,135.3600,149.1500,106.5700,62.8400
2011-07-08,134.4000,150.2500,107.1200,62.7600
2011-07-11,131.9700,151.5900,107.4100,61.6700
2011-07-12,131.4000,152.7700,107.5000,61.8800
2011-07-13,131.8400,154.1400,107.7100,61.2700
2011-07-14,130.9300,154.5400,107.4400,60.7000
2011-07-15,131.6900,155.2000,107.5900,61.3700
2011-07-18,130.6100,156.5700,107.4300,60.9400
2011-07-19,132.7300,154.6600,107.6600,61.9200
2011-07-20,132.6500,156.0200,107.4900,62.3700
2011-07-21,134.4900,154.8300,107.3200,62.8700
2011-07-22,134.5800,156.1200,107.5500,63.1800
2011-07-25,133.8300,157.3400,107.2400,62.5900
2011-07-26,133.3300,157.7700,107.4900,62.7300
2011-07-27,130.6000,157.1900,107.3100,60.9700
2011-07-28,130.2200,157.3200,107.5200,61.0300
2011-07-29,129.3300,158.2900,108.1600,61.0400
2011-08-01,128.7800,157.7200,108.1200,60.1200
2011-08-02,125.4900,161.5200,108.5800,58.2000
2011-08-03,126.1700,161.4900,108.6900,57.7200
2011-08-04,120.2600,160.6400,109.2700,54.9000
2011-08-05,120.0800,161.7500,108.5500,53.5300
2011-08-08,112.2600,167.1200,108.6000,48.8800
2011-08-09,117.4800,168.6100,109.2400,53.3300
2011-08-10,112.2900,174.5800,110.1300,52.1000
2011-08-11,117.3300,170.7500,108.7600,54.8000
2011-08-12,118.1200,169.9700,109.2400,54.7900
2011-08-15,120.6200,171.8000,109.4100,56.7900
2011-08-16,119.5900,173.9200,109.6400,56.6200
2011-08-17,119.6700,174.4200,109.8200,56.7800
2011-08-18,114.5100,177.7200,109.9800,54.2500
2011-08-19,112.6400,179.9500,110.0300,53.2100
2011-08-22,112.7300,184.5900,109.8900,53.2700
2011-08-23,116.4400,177.6700,109.6300,54.5800
2011-08-24,118.0800,171.6500,109.0100,55.3000
2011-08-25,116.2800,172.3600,109.2300,54.2700
2011-08-26,117.9700,177.4700,109.3800,54.9300
2011-08-29,121.3600,173.8900,109.2600,56.8100
2011-08-30,121.6800,179.1000,109.6000,56.9700
2011-08-31,122.2200,177.7200,109.5000,57.6100
2011-09-01,120.9400,177.8700,109.6200,56.7800
2011-09-02,117.8500,183.2400,109.9500,55.4400
2011-09-06,116.9900,182.9000,110.2400,55.2000
2011-09-07,120.2900,177.0800,109.9800,57.2800
2011-09-08,119.0400,181.8100,110.0100,56.8400
2011-09-09,115.9200,180.7000,110.1600,55.0600
2011-09-12,116.6700,176.6700,109.9400,55.2400
2011-09-13,117.7400,178.5400,109.9800,55.3700
2011-09-14,119.3700,177.2100,110.0000,55.7300
2011-09-15,121.4300,174.4000,109.6800,56.6500
2011-09-16,121.5200,176.0300,109.8400,57.2000
2011-09-19,120.3100,173.3100,110.0800,55.9500
2011-09-20,120.1700,175.7800,110.3000,55.9200
2011-09-21,116.6300,173.5900,110.4800,52.9700
2011-09-22,112.8600,169.0500,110.8000,51.6800
2011-09-23,113.5400,159.8000,110.2300,51.5600
2011-09-26,116.2400,157.5800,109.9800,52.2800
2011-09-27,117.5400,160.6300,109.8300,52.8000
2011-09-28,115.1400,156.2200,109.7400,51.4600
2011-09-29,116.0500,157.7000,109.7000,52.2600
2011-09-30,113.1500,158.0600,110.1100,50.8700
2011-10-03,109.9300,160.9600,110.3400,48.4700
2011-10-04,112.3400,157.6400,110.0000,50.3800
2011-10-05,114.4200,159.4600,109.6300,49.9500
2011-10-06,116.4900,160.4900,109.4500,51.3200
2011-10-07,115.7100,159.1800,109.2300,49.8900
2011-10-10,119.5800,163.2700,109.0100,52.3800
2011-10-11,119.7000,162.1000,109.2700,51.3400
2011-10-12,120.7500,163.2600,109.0600,52.1800
2011-10-13,120.5100,162.3000,109.1200,51.8400
2011-10-14,122.5700,163.4000,108.9400,53.0400
2011-10-17,120.2300,162.6200,109.3700,51.8900
2011-10-18,122.5800,161.8400,109.2500,53.7200
2011-10-19,121.1300,159.8700,109.4100,53.1000
2011-10-20,121.6600,157.7700,109.3500,53.4000
2011-10-21,123.9700,159.5200,109.4100,55.1600
2011-10-24,125.4900,161.0200,109.2400,56.5300
2011-10-25,123.0500,165.5900,109.8000,55.6100
2011-10-26,124.3000,167.4000,109.5000,56.0200
2011-10-27,128.6300,169.5500,109.0800,58.6800
2011-10-28,128.6000,169.6200,109.5100,58.8000
2011-10-31,125.5000,167.3400,110.0300,58.1400
2011-11-01,122.0000,167.3800,110.2700,56.2700
2011-11-02,123.9900,169.0600,110.2700,57.3500
2011-11-03,126.2500,171.7200,110.0300,58.1400
2011-11-04,125.4800,170.8500,110.0000,57.6700
2011-11-07,126.2600,174.9800,110.0900,57.6800
2011-11-08,127.8800,173.5300,109.9400,58.4300
2011-11-09,123.1600,172.0700,110.1300,55.7600
2011-11-10,124.3200,171.1400,109.9200,55.7500
2011-11-11,126.6600,173.9600,109.7900,57.2500
2011-11-14,125.4600,173.2000,109.8800,56.1900
2011-11-15,126.0800,173.3600,109.7400,56.6100
2011-11-16,124.0800,171.5100,109.7000,56.0700
2011-11-17,122.1100,167.1000,109.6400,55.0400
2011-11-18,121.9800,167.6200,109.6200,55.3900
2011-11-21,119.6600,163.5000,109.6000,53.9900
2011-11-22,119.1900,165.3100,109.6800,53.7400
2011-11-23,116.5600,164.8300,109.7800,52.1200
2011-11-25,116.3400,163.4000,109.6300,52.3500
2011-11-28,119.7100,166.6300,109.6200,53.5200
2011-11-29,120.0500,166.8800,109.6600,53.4400
2011-11-30,124.9900,170.1300,109.3800,55.9300
2011-12-01,124.9700,169.6300,108.8400,55.4700
2011-12-02,124.8600,169.8200,109.1200,55.4200
2011-12-05,126.2200,167.3200,109.2400,55.8900
2011-12-06,126.2600,168.1800,109.1400,55.8000
2011-12-07,126.7300,169.4000,109.3400,56.4100
2011-12-08,123.9500,165.9800,109.4500,55.1300
2011-12-09,126.0500,166.4000,109.3900,56.3400
2011-12-12,124.2100,161.9900,109.4200,55.3400
2011-12-13,123.0500,158.4500,109.6400,54.6900
2011-12-14,121.7400,152.8900,109.9100,55.0100
2011-12-15,122.1800,152.3300,109.6800,55.9300
2011-12-16,121.5900,155.2300,110.0500,56.5500
2011-12-19,120.2900,154.8700,110.1600,56.0600
2011-12-20,123.9300,156.9800,110.0100,57.7600
2011-12-21,124.1700,157.1600,109.7300,57.7400
2011-12-22,125.2700,156.0400,109.9000,58.5700
2011-12-23,126.3900,156.3100,109.7700,58.1800
2011-12-27,126.4900,154.9100,109.9400,58.4400
2011-12-28,124.8300,151.0300,110.1300,57.7400
2011-12-29,126.1200,150.3400,110.3900,58.2500
2011-12-30,125.5000,151.9900,110.2500,58.0000
2012-01-03,127.5000,155.9200,110.0300,58.4900
2012-01-04,127.7000,156.7100,109.8800,57.4900
2012-01-05,128.0400,157.7800,110.0300,58.0300
2012-01-06,127.7100,157.2000,110.1200,57.8400
2012-01-09,128.0200,156.5000,110.0300,57.6400
2012-01-10,129.1300,158.6400,110.0000,58.2800
2012-01-11,129.2000,159.6700,110.3900,58.6900
2012-01-12,129.5100,160.3800,110.3000,58.2600
2012-01-13,128.8400,159.2600,110.5500,58.3900
2012-01-17,129.3400,160.5000,110.5800,58.8700
2012-01-18,130.7700,161.6000,110.4400,59.2800
2012-01-19,131.4600,161.2200,110.2600,59.5100
2012-01-20,131.9500,162.0700,109.9800,59.8800
2012-01-23,131.6100,163.1600,109.8900,60.1700
2012-01-24,131.4600,162.0100,109.9800,60.6300
2012-01-25,132.5600,166.4200,110.1400,61.4100
2012-01-26,131.8800,167.2700,110.3600,61.8400
2012-01-27,131.8200,168.9700,110.5400,61.8600
2012-01-30,131.3700,168.0300,110.8600,61.4000
2012-01-31,131.3200,169.3100,111.0500,61.7000
2012-02-01,132.4700,169.5600,110.5800,62.3100
2012-02-02,132.6800,171.0500,110.6100,62.4500
2012-02-03,134.5400,167.6400,110.5600,63.3200
2012-02-06,134.4500,167.1800,110.6400,63.1200
2012-02-07,134.7900,169.7000,110.5300,62.9600
2012-02-08,135.1900,168.5000,110.4400,63.0700
2012-02-09,135.3600,168.0200,110.2600,62.6100
2012-02-10,134.3600,167.1400,110.4100,62.0300
2012-02-13,135.3600,167.5100,110.4500,62.6600
2012-02-14,135.1900,167.1200,110.5400,62.0200
2012-02-15,134.5600,168.1100,110.5000,61.6500
2012-02-16,136.0500,168.0000,110.4800,62.3000
2012-02-17,136.4100,167.3500,110.3400,62.3500
2012-02-21,136.4700,171.0200,110.1700,61.3800
2012-02-22,136.0300,172.9400,110.4800,60.8600
2012-02-23,136.6300,173.0200,110.5700,61.6200
2012-02-24,136.9300,172.2300,110.6000,61.7000
2012-02-27,137.1600,171.7000,110.9500,61.6000
2012-02-28,137.5600,173.4900,110.8700,61.2400
2012-02-29,137.0200,164.2900,110.7600,60.9900
2012-03-01,137.7300,166.6100,110.2600,61.3600
2012-03-02,137.3100,166.3400,110.5000,61.2700
2012-03-05,136.7500,165.6500,110.3400,61.8900
2012-03-06,134.7500,162.7000,110.5600,61.0700
2012-03-07,135.6900,163.6300,110.4600,61.4000
2012-03-08,137.0400,165.2800,110.2100,61.0800
2012-03-09,137.5700,166.3800,110.1900,61.3800
2012-03-12,137.5800,165.0700,110.2900,61.8300
2012-03-13,140.0600,162.3000,109.9200,63.0800
2012-03-14,139.9100,159.5700,109.3200,62.9100
2012-03-15,140.7200,161.0800,109.2700,62.8200
2012-03-16,140.3000,161.3000,109.2800,63.1800
2012-03-19,140.8500,161.5900,108.9300,63.6200
2012-03-20,140.4400,160.1300,109.0900,63.5300
2012-03-21,140.2100,160.2100,109.3500,63.4400
2012-03-22,139.2000,159.5700,109.4500,62.5700
2012-03-23,139.6500,161.5300,109.7000,62.9600
2012-03-26,141.6100,164.4000,109.6200,63.1900
2012-03-27,141.1700,163.2400,109.7400,63.2000
2012-03-28,140.4700,161.5100,109.7200,63.1000
2012-03-29,140.2300,161.2800,110.0200,63.1300
2012-03-30,140.8100,162.1200,109.8500,63.6500
2012-04-02,141.8400,162.9400,109.6200,64.1000
2012-04-03,141.2600,159.8900,109.1500,63.8500
2012-04-04,139.8600,157.2100,109.3800,63.1500
2012-04-05,139.7900,158.3100,109.6300,62.9100
2012-04-09,138.2200,159.3700,110.1100,62.2400
2012-04-10,135.9000,161.1000,110.1200,60.9000
2012-04-11,137.0000,161.0700,110.1300,61.6800
2012-04-12,138.7900,162.7000,110.0200,62.5300
2012-04-13,137.1400,160.8500,110.3600,62.2700
2012-04-16,137.0500,160.4600,110.3800,63.1200
2012-04-17,139.0800,160.2500,110.4000,63.6600
2012-04-18,138.6100,159.3100,110.5400,63.2300
2012-04-19,137.7200,159.4300,110.4600,63.2300
2012-04-20,137.9500,159.5400,110.4800,64.0000
2012-04-23,136.7900,159.0700,110.5900,63.3400
2012-04-24,137.3100,159.3000,110.4300,64.2900
2012-04-25,139.1900,159.6200,110.4800,65.0300
2012-04-26,140.1600,161.0300,110.6500,65.1900
2012-04-27,140.3900,161.3800,110.6400,65.6400
2012-04-30,139.8700,161.8800,110.6000,65.4700
2012-05-01,140.7400,161.3200,110.3300,66.1800
2012-05-02,140.3200,160.5900,110.4400,66.0800
2012-05-03,139.2500,158.9700,110.5600,65.8500
2012-05-04,137.0000,159.4700,110.6700,65.2700
2012-05-07,137.1000,159.0800,110.7100,65.7300
2012-05-08,136.5500,156.0000,110.7900,65.6100
2012-05-09,135.7400,154.4700,110.8200,65.4000
2012-05-10,136.0200,154.7700,110.7100,65.4500
2012-05-11,135.6100,153.5600,110.7900,65.5900
2012-05-14,134.1100,151.3300,111.0400,64.7600
2012-05-15,133.3400,149.7400,110.9800,64.4200
2012-05-16,132.8300,149.4600,110.9600,63.7100
2012-05-17,130.8600,152.8000,111.0300,61.8500
2012-05-18,129.7400,154.5500,111.0000,61.1000
2012-05-21,131.9700,154.6500,110.9800,62.4300
2012-05-22,132.2000,152.0800,110.7100,62.5500
2012-05-23,132.2700,151.6200,110.8400,62.6400
2012-05-24,132.5300,151.4100,110.7500,62.9200
2012-05-25,132.1000,152.6800,110.9200,62.6700
2012-05-29,133.7000,151.0200,110.8600,63.5600
2012-05-30,131.7600,151.9100,111.2300,62.0500
2012-05-31,131.4700,151.6200,111.5600,62.5200
2012-06-01,128.1600,157.5000,111.6000,60.9900
2012-06-04,128.1000,157.3200,111.3400,60.5700
2012-06-05,129.0700,157.1400,111.1100,61.8200
2012-06-06,131.9700,157.2100,110.7800,63.1900
2012-06-07,132.0500,154.5000,110.9500,62.7400
2012-06-08,133.1000,154.7300,110.9000,63.6300
2012-06-11,131.4100,155.3600,111.0000,62.2000
2012-06-12,132.9200,156.4600,110.9100,62.7900
2012-06-13,132.0700,157.1200,111.2000,62.4700
2012-06-14,133.4700,157.7500,111.1200,63.3800
2012-06-15,134.1400,157.8400,111.3800,63.7700
2012-06-18,134.4000,157.9300,111.3500,64.3000
2012-06-19,135.7000,157.1600,111.2200,64.5600
2012-06-20,135.4800,155.9700,111.0500,64.5300
2012-06-21,132.4400,152.0200,111.2000,63.4800
2012-06-22,133.4600,152.6400,111.0400,63.4900
2012-06-25,131.3200,153.7600,111.3900,62.6500
2012-06-26,131.9800,152.6200,111.2700,62.8600
2012-06-27,133.1700,152.8300,111.3200,63.1100
2012-06-28,132.7900,151.0500,111.4500,63.8000
2012-06-29,136.1000,155.1900,111.3000,65.4300
2012-07-02,136.5100,155.0900,111.2900,66.1500
2012-07-03,137.4100,157.4600,111.2100,66.5400
2012-07-05,136.7900,155.6800,111.5000,66.1300
2012-07-06,135.4900,153.7100,111.5800,66.2900
2012-07-09,135.3200,154.0400,111.8000,66.3600
2012-07-10,134.1400,152.1500,111.8500,65.6500
2012-07-11,134.1600,152.9900,111.8400,65.7200
2012-07-12,133.5100,152.5900,112.0400,65.9200
2012-07-13,135.7500,154.1400,112.0800,66.7300
2012-07-16,135.4300,154.2100,112.1700,66.8600
2012-07-17,136.3600,153.4700,112.1300,67.5000
2012-07-18,137.3700,153.0500,112.3500,67.1000
2012-07-19,137.7300,153.3800,112.2600,66.4000
2012-07-20,136.4700,153.6700,112.4200,66.0500
2012-07-23,135.0900,153.0300,112.5200,65.5700
2012-07-24,133.9300,153.5200,112.6600,65.3500
2012-07-25,133.9600,155.6700,112.7000,65.3200
2012-07-26,136.1700,156.7700,112.6300,65.9000
2012-07-27,138.6800,157.5400,112.2900,66.5300
2012-07-30,138.6800,157.4300,112.4800,66.8400
2012-07-31,137.7100,156.4900,112.5900,66.7400
2012-08-01,137.5900,155.1400,112.2400,66.4200
2012-08-02,136.6400,154.1300,112.2600,66.6100
2012-08-03,139.3500,155.5500,111.9900,67.1300
2012-08-06,139.6200,156.3000,112.1600,67.0600
2012-08-07,140.3200,156.2800,111.8600,66.2700
2012-08-08,140.4900,156.4800,111.7200,65.8200
2012-08-09,140.6100,156.9900,111.6900,65.6100
2012-08-10,140.8400,157.1800,111.8700,65.7000
2012-08-13,140.7700,155.9900,111.8600,65.6500
2012-08-14,140.7900,155.1300,111.6000,65.5100
2012-08-15,140.9500,155.6300,111.2400,65.8100
2012-08-16,141.9900,156.5600,111.1000,66.3100
2012-08-17,142.1800,156.7200,111.2300,66.3300
2012-08-20,142.1900,157.2600,111.1900,66.1400
2012-08-21,141.7600,158.8300,111.3400,66.2800
2012-08-22,141.8200,160.5400,111.8200,66.2400
2012-08-23,140.6600,161.8900,111.9000,66.0400
2012-08-24,141.5100,161.9700,111.8200,66.2600
2012-08-27,141.5400,161.3600,111.9700,66.4600
2012-08-28,141.4000,161.6400,112.0600,66.6900
2012-08-29,141.5100,160.5900,111.9500,66.6700
2012-08-30,140.4900,160.5200,112.0200,66.5200
2012-08-31,141.1600,164.2200,112.3700,66.7300
2012-09-04,141.0300,164.4800,112.1300,67.2000
2012-09-05,140.9100,164.3100,112.1300,67.0800
2012-09-06,143.7700,164.8900,111.8700,67.6800
2012-09-07,144.3300,168.4400,111.8900,67.7400
2012-09-10,143.5100,167.2900,111.9100,67.2100
2012-09-11,143.9100,167.9000,111.7800,67.4100
2012-09-12,144.3900,167.9200,111.5700,67.5500
2012-09-13,146.5900,171.3100,111.8300,68.3800
2012-09-14,147.2400,171.8000,111.3700,68.7600
2012-09-17,146.7400,170.4000,111.5500,68.5600
2012-09-18,146.6200,171.7200,111.6200,67.9100
2012-09-19,146.7000,171.7400,111.8400,67.5300
2012-09-20,146.7100,171.4700,111.7700,66.5300
2012-09-21,145.8700,171.9600,111.9500,66.5400
2012-09-24,145.6500,171.0500,112.0700,65.7700
2012-09-25,144.1000,170.7700,112.2500,64.8000
2012-09-26,143.2900,169.8100,112.3600,64.7900
2012-09-27,144.6400,172.3400,112.2900,65.0700
2012-09-28,143.9700,171.8900,112.4500,64.9700
2012-10-01,144.3500,172.2900,112.2000,64.4900
2012-10-02,144.5000,172.1000,112.2900,64.9800
2012-10-03,145.0900,172.4100,112.2500,65.1100
2012-10-04,146.1300,173.6100,112.0900,65.0900
2012-10-05,146.1400,172.6200,111.8600,65.1700
2012-10-08,145.6400,172.0500,112.0300,65.0300
2012-10-09,144.2000,170.9900,111.9100,64.7900
2012-10-10,143.2800,170.8400,112.0900,65.0500
2012-10-11,143.3600,171.3200,112.2300,65.0000
2012-10-12,142.8900,170.0600,112.3200,64.7700
2012-10-15,144.0800,168.3500,112.3800,65.2000
2012-10-16,145.5400,169.4200,112.2000,65.6000
2012-10-17,146.2000,169.5400,111.8500,65.4200
2012-10-18,145.8200,168.7900,111.8100,66.0900
2012-10-19,143.3900,166.9700,111.9500,65.5400
2012-10-22,143.4100,167.5800,111.8000,65.2100
2012-10-23,141.4200,165.4300,112.0500,64.5500
2012-10-24,141.0200,164.8600,111.9700,64.5000
2012-10-25,141.4300,166.0200,111.7300,64.3200
2012-10-26,141.3500,165.9300,112.0300,63.7600
2012-10-31,141.3500,166.8300,112.1900,64.3800
2012-11-01,142.8300,166.0700,111.8000,64.6900
2012-11-02,141.5600,162.6000,111.8700,65.1200
2012-11-05,141.8500,163.2300,112.0600,64.6900
2012-11-06,142.9600,166.3000,111.7400,64.9700
2012-11-07,139.7200,166.4900,112.0000,64.6800
2012-11-08,138.0400,167.9900,112.1400,63.9100
2012-11-09,138.1600,167.8200,112.0800,63.7400
2012-11-12,138.2700,167.4500,112.0500,63.5900
2012-11-13,137.7900,167.1000,112.2500,63.5400
2012-11-14,135.9300,167.1400,112.2800,62.3500
2012-11-15,135.7000,166.0900,112.1700,62.0600
2012-11-16,136.3700,165.8800,112.2100,62.4400
2012-11-19,139.1300,167.8700,112.2900,63.2100
2012-11-20,139.1900,167.3900,112.0800,63.6800
2012-11-21,139.4500,167.5600,111.8900,63.5700
2012-11-23,141.3500,169.6100,111.9600,64.0400
2012-11-26,141.0500,169.4300,112.0000,64.1700
2012-11-27,140.3300,168.7100,112.1500,63.8100
2012-11-28,141.4600,166.5500,112.1700,63.7300
2012-11-29,142.1200,167.1800,112.3100,64.0800
2012-11-30,142.1500,166.0500,112.2500,64.2100
2012-12-03,141.4500,166.1300,111.6000,64.4700
2012-12-04,141.2500,164.4200,111.6700,64.5700
2012-12-05,141.5000,164.1200,111.7700,64.3700
2012-12-06,141.9800,164.5000,111.7600,64.9700
2012-12-07,142.4100,165.1600,111.6600,65.2100
2012-12-10,142.4700,165.8000,111.6800,65.1800
2012-12-11,143.4400,165.6500,111.6400,65.3400
2012-12-12,143.5100,165.7700,111.3300,65.1600
2012-12-13,142.6300,164.3700,111.1500,64.6600
2012-12-14,142.1000,164.1300,111.3500,64.6500
2012-12-17,143.7700,164.4400,111.0800,64.9900
2012-12-18,145.3700,162.0800,110.8200,65.6600
2012-12-19,144.2900,161.6900,111.0100,65.5700
2012-12-20,145.1200,159.7300,111.0200,66.4300
2012-12-21,142.7900,160.3300,111.1200,66.3200
2012-12-24,142.3500,160.6200,111.1300,65.6100
2012-12-26,141.7500,160.7800,111.0500,65.3000
2012-12-27,141.5600,161.1600,111.1100,65.5400
2012-12-28,140.0300,160.5400,111.2800,65.1100
2012-12-31,142.4100,162.0200,111.0800,65.8000
2013-01-02,146.0600,163.1700,110.9500,66.6200
2013-01-03,145.7300,161.2000,110.6700,66.6100
2013-01-04,146.3700,160.4400,110.7900,66.9200
2013-01-07,145.9700,159.4300,110.7300,67.0700
2013-01-08,145.5500,160.5600,110.8300,66.9400
2013-01-09,145.9200,160.4900,110.7500,67.1300
2013-01-10,147.0800,161.9800,110.7400,67.2000
2013-01-11,147.0700,161.0600,110.8500,67.1600
2013-01-14,146.9700,161.5400,110.9500,67.3500
2013-01-15,147.0700,162.5600,110.9800,67.6700
2013-01-16,147.0500,162.6500,111.0400,67.5900
2013-01-17,148.0000,163.3500,110.8000,67.8000
2013-01-18,148.3300,163.0900,110.9300,68.0900
2013-01-22,149.1300,163.6700,110.8700,68.4400
2013-01-23,149.3700,163.2100,110.9900,68.4200
2013-01-24,149.4100,161.4200,110.8400,68.5600
2013-01-25,150.2500,160.6500,110.5700,68.9500
2013-01-28,150.0700,160.2900,110.4100,69.1300
2013-01-29,150.6600,160.9900,110.3400,69.3300
2013-01-30,150.0700,162.1900,110.2900,68.6700
2013-01-31,149.7000,161.2000,110.3900,68.2600
2013-02-01,151.2400,161.4500,109.9400,68.6600
2013-02-04,149.5400,162.0000,110.2500,68.5000
2013-02-05,151.0500,161.9600,110.0200,68.3400
2013-02-06,151.1600,162.3900,110.2100,68.5800
2013-02-07,150.9600,161.8400,110.2500,68.2900
2013-02-08,151.8000,161.5700,110.2800,68.9200
2013-02-11,151.7700,159.7000,110.1700,69.0200
2013-02-12,152.0200,159.8900,110.1500,69.5400
2013-02-13,152.1500,159.0500,110.0400,69.5000
2013-02-14,152.2900,158.3500,110.2400,69.2100
2013-02-15,152.1100,155.7600,110.2500,69.2400
2013-02-19,153.2500,155.3300,110.1200,69.7900
2013-02-20,151.3400,151.4400,110.1900,69.3400
2013-02-21,150.4200,152.6200,110.2500,68.8200
2013-02-22,151.8900,152.9700,110.3100,69.5100
2013-02-25,149.0000,154.3400,110.7300,68.1900
2013-02-26,150.0200,156.2200,110.7000,68.6600
2013-02-27,151.9100,154.5700,110.7300,69.1600
2013-02-28,151.6100,153.0000,110.8300,69.0900
2013-03-01,152.1100,152.4400,110.6600,69.3200
2013-03-04,152.9200,152.3000,110.5800,69.8400
2013-03-05,154.2900,152.3800,110.4900,70.3900
2013-03-06,154.5000,153.2300,110.3700,70.1800
2013-03-07,154.7800,152.6900,110.1400,69.8500
2013-03-08,155.4400,152.7100,109.8200,69.9700
2013-03-11,156.0300,152.9900,109.8800,70.0300
2013-03-12,155.6800,154.1900,110.0800,69.7700
2013-03-13,155.9000,153.6600,109.9900,69.8400
2013-03-14,156.7300,153.6800,110.1100,70.2800
2013-03-15,155.8300,154.0000,110.2100,70.4400
2013-03-18,154.9700,155.3800,110.3100,70.0500
2013-03-19,154.6100,156.0800,110.4700,69.7100
2013-03-20,155.6900,155.3700,110.3500,69.9300
2013-03-21,154.3600,156.2500,110.3700,69.7200
2013-03-22,155.6000,155.5500,110.4100,69.5500
2013-03-25,154.9500,155.2400,110.3700,69.5600
2013-03-26,156.1900,154.7200,110.5000,70.1600
2013-03-27,156.1900,155.3600,110.7300,70.2900
2013-03-28,156.6700,154.4500,110.7300,70.5300
2013-04-01,156.0500,154.6700,110.5700,70.7400
2013-04-02,156.8200,152.4300,110.4500,70.9600
2013-04-03,155.2300,150.7300,110.5700,70.7100
2013-04-04,155.8600,150.2900,110.8800,71.8600
2013-04-05,155.1600,152.8100,111.2000,72.2500
2013-04-08,156.2100,152.1600,111.0100,72.8300
2013-04-09,156.7500,153.3400,111.0500,72.8400
2013-04-10,158.6700,150.7500,110.8200,73.2900
2013-04-11,159.1900,151.0500,110.8400,73.7200
2013-04-12,158.8000,143.9500,111.2000,73.9000
2013-04-15,155.1200,131.3100,111.2500,72.3700
2013-04-16,157.4100,132.8000,111.2500,73.5700
2013-04-17,155.1100,132.8700,111.2500,72.7900
2013-04-18,154.1400,134.3000,111.2300,72.6800
2013-04-19,155.4800,135.4700,111.2400,73.8000
2013-04-22,156.1700,137.9000,111.3800,73.7000
2013-04-23,157.7800,136.8800,111.3300,74.1100
2013-04-24,157.8800,138.3700,111.3100,74.2700
2013-04-25,158.5200,141.6300,111.2600,74.0200
2013-04-26,158.2400,140.9100,111.4900,73.7800
2013-04-29,159.3000,142.3000,111.5600,74.4100
2013-04-30,159.6800,142.7700,111.5400,75.2800
2013-05-01,158.2800,141.1100,111.3900,74.6800
2013-05-02,159.7500,141.9200,111.4000,75.1700
2013-05-03,161.3700,142.0900,110.9900,75.4700
2013-05-06,161.7800,142.1500,110.8100,75.8600
2013-05-07,162.6000,140.3800,110.7500,76.2800
2013-05-08,163.3400,142.4600,110.8500,76.3200
2013-05-09,162.8800,140.8100,110.7000,75.8200
2013-05-10,163.4100,139.6000,110.4800,76.1000
2013-05-13,163.5400,138.4300,110.3800,76.4600
2013-05-14,165.2300,137.8100,110.1200,76.7400
2013-05-15,166.1200,134.6300,110.2800,77.5000
2013-05-16,165.3400,134.0900,110.5800,77.1000
2013-05-17,166.9400,131.0700,110.3100,77.5300
2013-05-20,166.9300,135.1200,110.2000,77.7100
2013-05-21,167.1700,132.8800,110.2900,78.1500
2013-05-22,165.9300,131.9400,109.9200,76.2500
2013-05-23,165.4500,134.6100,109.8800,74.8200
2013-05-24,165.3100,133.7600,109.8800,74.6300
2013-05-28,166.3000,133.4900,109.2000,73.9900
2013-05-29,165.2200,134.8300,109.3500,72.4200
2013-05-30,165.8300,136.7000,109.3200,71.7400
2013-05-31,163.4500,133.9200,109.1100,70.7800
2013-06-03,164.3500,136.5100,108.9700,71.1800
2013-06-04,163.5600,135.2300,108.7300,70.1900
2013-06-05,161.2700,135.5200,108.6700,69.6100
2013-06-06,162.7300,136.5300,108.9500,70.7300
2013-06-07,164.8000,133.2800,108.6100,70.7400
2013-06-10,164.8000,133.9400,108.3900,70.1300
2013-06-11,163.1000,133.2500,108.4000,69.0900
2013-06-12,161.7500,134.2500,108.2200,68.1500
2013-06-13,164.2100,133.7400,108.7500,69.9200
2013-06-14,163.1800,134.4300,108.7800,70.1800
2013-06-17,164.4400,133.7700,108.7000,70.3800
2013-06-18,165.7400,132.1300,108.6600,70.7400
2013-06-19,163.4500,130.5900,107.9300,68.5700
2013-06-20,159.4000,123.6000,107.2100,65.7200
2013-06-21,159.0700,125.0500,106.6100,66.6100
2013-06-24,157.0600,123.9300,106.1800,65.6800
2013-06-25,158.5700,123.4700,106.3000,66.7800
2013-06-26,160.1400,118.2800,106.7500,67.7900
2013-06-27,161.0800,115.9400,107.2000,69.1500
2013-06-28,160.4200,119.1100,107.2100,68.7200
2013-07-01,161.3600,121.1300,107.1600,68.5700
2013-07-02,161.2100,120.0500,107.1600,69.6200
2013-07-03,161.2800,120.7400,107.0100,69.1600
2013-07-05,163.0200,118.0900,105.8400,68.8300
2013-07-08,163.9500,119.5100,106.3900,68.9000
2013-07-09,165.1300,120.6200,106.5000,69.8800
2013-07-10,165.1900,120.9500,106.2200,69.9100
2013-07-11,167.4400,124.2400,106.9300,71.6000
2013-07-12,167.5100,124.1300,106.8100,71.1600
2013-07-15,168.1500,124.1800,107.0400,71.4600
2013-07-16,167.5200,124.8900,107.2100,71.5100
2013-07-17,167.9500,123.3200,107.4400,71.7700
2013-07-18,168.8700,124.0100,107.2400,72.3800
2013-07-19,169.1700,125.1100,107.5200,72.3300
2013-07-22,169.5000,128.8400,107.6600,72.5500
2013-07-23,169.1400,129.7100,107.6000,72.4700
2013-07-24,168.5200,127.4800,107.2500,71.0600
2013-07-25,168.9300,128.6700,107.2900,71.1700
2013-07-26,169.1100,128.7800,107.2600,71.2300
2013-07-29,168.5900,128.4700,107.2600,70.7000
2013-07-30,168.5900,128.1200,107.2200,70.4900
2013-07-31,168.7100,127.9600,107.3000,69.3400
2013-08-01,170.6600,126.6100,106.4900,69.0700
2013-08-02,170.9500,126.3600,106.8500,68.7300
2013-08-05,170.7000,125.7000,106.9000,68.6800
2013-08-06,169.7300,123.9700,106.7900,68.4400
2013-08-07,169.1800,124.1500,106.9300,68.2600
2013-08-08,169.8000,126.8600,107.0800,68.2900
2013-08-09,169.3100,126.8600,107.1500,68.8900
2013-08-12,169.1100,129.1300,107.0800,68.4000
2013-08-13,169.6100,127.7400,106.6500,67.4600
2013-08-14,168.7400,129.0000,106.5100,67.2000
2013-08-15,166.3800,131.6900,106.1300,65.9700
2013-08-16,165.8300,132.5800,105.8300,64.3500
2013-08-19,164.7700,132.0100,105.5000,63.5000
2013-08-20,165.5800,132.4500,105.8100,64.9400
2013-08-21,164.5600,132.0700,105.4200,64.7900
2013-08-22,166.0600,132.8100,105.5500,65.1800
2013-08-23,166.6200,134.9000,105.9000,65.8600
2013-08-26,166.0000,135.4500,106.0900,65.6700
2013-08-27,163.3300,136.7500,106.3700,65.3500
2013-08-28,163.9100,136.7100,106.1700,64.9500
2013-08-29,164.1700,135.8700,106.3800,65.0500
2013-08-30,163.6500,134.6200,106.2100,64.5000
2013-09-03,164.3900,136.4200,105.7500,63.9400
2013-09-04,165.7500,134.6600,105.6000,64.4900
2013-09-05,165.9600,132.2000,104.8900,63.8100
2013-09-06,166.0400,134.1500,105.2800,64.8000
2013-09-09,167.6300,133.9100,105.4900,66.1500
2013-09-10,168.8700,131.7400,105.3000,66.1000
2013-09-11,169.4000,131.7000,105.6600,66.6300
2013-09-12,168.9500,127.6700,105.5400,66.2000
2013-09-13,169.3300,127.8200,105.6900,66.3900
2013-09-16,170.3100,126.4500,105.9100,67.0500
2013-09-17,171.0700,126.5000,106.0100,67.0100
2013-09-18,173.0500,132.0100,106.9000,69.2800
2013-09-19,172.7600,131.7500,106.7700,69.2200
2013-09-20,170.7200,127.9600,106.7700,68.0900
2013-09-23,169.9300,127.5500,106.8500,67.0100
2013-09-24,169.5300,127.6600,107.1000,66.5000
2013-09-25,169.0400,128.7900,107.2500,66.7200
2013-09-26,169.6900,127.7900,107.2300,67.1300
2013-09-27,168.9100,128.9700,107.2900,66.8500
2013-09-30,168.0100,128.1800,107.2000,66.1400
2013-10-01,169.3400,124.5900,106.9300,67.1000
2013-10-02,169.1800,127.0600,107.0700,67.2000
2013-10-03,167.6200,127.1800,107.1500,66.0300
2013-10-04,168.8900,126.5300,107.0600,65.9000
2013-10-07,167.4300,127.6400,107.0400,66.2000
2013-10-08,165.4800,127.4000,106.9900,65.4800
2013-10-09,165.6000,126.1100,106.9100,65.4900
2013-10-10,169.1700,124.2700,107.0300,67.1600
2013-10-11,170.2600,122.6000,107.0700,67.8300
2013-10-14,170.9400,122.8300,106.8700,67.8700
2013-10-15,169.7000,123.7300,106.8200,67.6200
2013-10-16,172.0700,123.5400,107.2800,68.8900
2013-10-17,173.2200,127.4200,107.5800,69.9300
2013-10-18,174.3900,126.8500,107.7600,69.8600
2013-10-21,174.4000,126.9800,107.6600,69.4400
2013-10-22,175.4100,129.3400,108.0400,70.0800
2013-10-23,174.5700,128.6900,108.0100,70.2100
2013-10-24,175.1500,129.9000,107.9700,70.1900
2013-10-25,175.9500,130.4600,108.0100,71.0500
2013-10-28,176.2300,130.5600,107.9600,70.5400
2013-10-29,177.1700,129.7700,108.0900,70.1300
2013-10-30,176.2900,129.6000,107.8900,69.5400
2013-10-31,175.7900,127.7400,107.9000,69.1300
2013-11-01,176.2100,126.9500,107.4500,69.4900
2013-11-04,176.8300,126.8100,107.5600,69.6200
2013-11-05,176.2700,126.5600,107.2400,68.4800
2013-11-06,177.1700,127.2000,107.4100,68.3800
2013-11-07,174.9300,126.1600,107.4900,67.5300
2013-11-08,177.2900,124.2800,106.8200,66.6200
2013-11-11,177.3200,123.8700,106.7600,66.6900
2013-11-12,176.9600,122.4500,106.7200,66.3900
2013-11-13,178.3800,122.8500,107.0000,66.8200
2013-11-14,179.2700,124.2700,107.3300,67.2900
2013-11-15,180.0500,124.3200,107.3600,67.5400
2013-11-18,179.4200,122.9000,107.5700,67.1200
2013-11-19,179.0300,122.9500,107.2800,66.6500
2013-11-20,178.4700,120.1200,106.9800,65.8400
2013-11-21,179.9100,119.9400,107.0900,66.3500
2013-11-22,180.8100,119.9200,107.2400,66.0900
2013-11-25,180.6300,120.4600,107.3200,65.7800
2013-11-26,180.6800,119.8200,107.3500,65.5500
2013-11-27,181.1200,119.4600,107.4000,66.1100
2013-11-29,181.0000,120.7000,107.4400,65.5000
2013-12-02,180.5300,117.5800,106.8300,65.1200
2013-12-03,179.7500,117.9600,106.9600,64.9900
2013-12-04,179.7300,119.9600,106.6800,65.2300
2013-12-05,178.9400,118.3000,106.4500,65.4600
2013-12-06,180.9400,118.5500,106.6300,65.9300
2013-12-09,181.4000,119.7200,106.7600,66.2500
2013-12-10,180.7500,121.8200,106.9300,66.0800
2013-12-11,178.7200,120.8600,106.7600,64.5600
2013-12-12,178.1300,118.2900,106.6000,64.2000
2013-12-13,178.1100,119.3800,106.6500,64.3600
2013-12-16,179.2200,119.6900,106.7300,64.5800
2013-12-17,178.6500,118.6500,106.9100,64.8800
2013-12-18,181.7000,117.6100,106.8600,66.0300
2013-12-19,181.4900,114.8200,106.6800,65.1200
2013-12-20,181.5600,115.9400,106.8600,65.5200
2013-12-23,182.5300,115.5700,106.8100,65.6500
2013-12-24,182.9300,116.1000,106.6600,64.7000
2013-12-26,183.8600,116.7400,106.3900,64.7500
2013-12-27,183.8500,117.1200,106.4300,64.8900
2013-12-30,183.8200,115.3900,106.5300,64.9100
2013-12-31,184.6900,116.1200,106.4300,64.5600
2014-01-02,182.9200,118.0000,106.5000,64.5700
2014-01-03,182.8900,119.2900,106.5400,64.9300
2014-01-06,182.3600,119.5000,106.6800,65.2600
2014-01-07,183.4800,118.8200,106.7300,65.5500
2014-01-08,183.5200,118.1200,106.4100,65.2300
2014-01-09,183.6400,118.4600,106.5600,65.2300
2014-01-10,184.1400,120.2600,107.1000,66.1200
2014-01-13,181.6900,121.0200,107.2000,65.6800
2014-01-14,183.6700,119.8900,107.0400,66.1600
2014-01-15,184.6600,119.6600,106.9500,66.6600
2014-01-16,184.4200,119.7900,107.2000,66.7800
2014-01-17,183.6400,120.9300,107.2500,66.3900
2014-01-21,184.1800,119.7000,107.3000,66.9900
2014-01-22,184.3000,119.1900,107.0700,67.2800
2014-01-23,182.7900,121.7900,107.3500,67.1200
2014-01-24,178.8900,122.2900,107.5800,66.2800
2014-01-27,178.0100,120.9600,107.3500,65.7700
2014-01-28,179.0700,120.9500,107.5300,66.3200
2014-01-29,177.3500,122.4700,107.8500,65.9600
2014-01-30,179.2300,119.7700,107.8700,66.9600
2014-01-31,178.1800,120.0900,108.0700,67.3200
2014-02-03,174.1700,121.3200,108.2300,66.2500
2014-02-04,175.3900,120.9900,107.9700,67.0500
2014-02-05,175.1700,121.2900,107.7000,66.9100
2014-02-06,177.4800,121.2400,107.6500,67.4000
2014-02-07,179.6800,122.1700,107.8200,67.9100
2014-02-10,180.0100,122.9200,107.9300,68.5500
2014-02-11,181.9800,124.3600,107.7200,68.8200
2014-02-12,182.0700,124.4300,107.5400,68.8600
2014-02-13,183.0100,125.4900,107.7700,69.1200
2014-02-14,184.0200,127.1500,107.7700,69.3900
2014-02-18,184.2400,127.4000,107.8400,69.7300
2014-02-19,183.0200,126.2700,107.7600,69.6900
2014-02-20,184.1000,127.6000,107.7000,69.5400
2014-02-21,183.8900,127.5800,107.8000,69.7100
2014-02-24,184.9100,128.9900,107.7000,69.8800
2014-02-25,184.8400,129.2100,107.9900,70.1100
2014-02-26,184.8500,128.1100,108.2200,70.2700
2014-02-27,185.8200,128.2000,108.3300,70.0800
2014-02-28,186.2900,127.6200,108.2700,70.7300
2014-03-03,184.9800,130.2900,108.3500,70.7700
2014-03-04,187.5800,128.6800,107.9500,71.7900
2014-03-05,187.7500,128.8900,108.0100,71.7000
2014-03-06,188.1800,130.1700,107.7700,71.1000
2014-03-07,188.2600,129.0900,107.4700,70.3300
2014-03-10,188.1600,129.1300,107.4700,69.9600
2014-03-11,187.2300,129.8600,107.4600,70.4000
2014-03-12,187.2800,131.7600,107.7000,70.6100
2014-03-13,185.1800,132.2100,107.9800,70.2800
2014-03-14,184.6600,133.1000,107.9300,70.4600
2014-03-17,186.3300,131.6400,107.8700,70.6100
2014-03-18,187.6600,130.6200,108.0000,70.8200
2014-03-19,186.6600,128.0900,107.5200,69.4800
2014-03-20,187.7500,127.8600,107.4400,69.6000
2014-03-21,186.2000,128.4700,107.5900,70.2400
2014-03-24,185.4300,126.1800,107.7500,69.7800
2014-03-25,186.3100,126.4100,107.6400,69.9600
2014-03-26,184.9700,125.4100,107.9800,69.1700
2014-03-27,184.5800,124.5900,108.0600,69.6100
2014-03-28,185.4900,124.5600,107.9000,70.0300
2014-03-31,187.0100,123.6100,107.9100,70.6200
2014-04-01,188.2500,123.3900,107.5400,70.9400
2014-04-02,188.8800,124.3200,107.3600,71.0000
2014-04-03,188.6300,123.9200,107.4400,70.8500
2014-04-04,186.4000,125.5700,107.7800,71.0900
2014-04-07,184.3400,124.9100,107.9400,71.3200
2014-04-08,185.1000,126.0900,108.0700,71.7600
2014-04-09,187.0900,126.3200,108.0800,71.5800
2014-04-10,183.1600,127.0100,108.3300,70.9000
2014-04-11,181.5100,126.9300,108.4300,70.4700
2014-04-14,182.9400,127.8500,108.4700,70.8900
2014-04-15,184.2000,125.4900,108.4800,71.7300
2014-04-16,186.1300,125.5400,108.5400,72.1900
2014-04-17,186.3900,124.7500,108.1900,71.7700
2014-04-21,187.0400,124.2400,108.1800,72.1800
2014-04-22,187.8900,123.7800,108.1600,72.3400
2014-04-23,187.4500,123.7600,108.2700,72.0500
2014-04-24,187.8300,124.5600,108.3700,72.3500
2014-04-25,186.2900,125.4300,108.3900,72.0700
2014-04-28,186.8800,124.8800,108.3200,72.6300
2014-04-29,187.7500,124.8600,108.3700,72.6800
2014-04-30,188.3100,124.2200,108.5900,72.9400
2014-05-01,188.3300,123.8000,108.5500,73.2500
2014-05-02,188.0600,125.0600,108.6800,73.2300
2014-05-05,188.4200,126.2200,108.6400,73.3800
2014-05-06,186.7800,125.9800,108.7200,73.1200
2014-05-07,187.8800,124.1700,108.7200,74.0000
2014-05-08,187.6800,124.1700,108.7900,74.1700
2014-05-09,187.9600,124.1000,108.6900,74.2200
2014-05-12,189.7900,124.9400,108.6000,74.4500
2014-05-13,189.9600,124.6000,108.7800,73.9700
2014-05-14,189.0600,125.8100,109.0900,74.0000
2014-05-15,187.4000,124.7700,109.3200,73.9600
2014-05-16,188.0500,124.5000,109.2000,74.6400
2014-05-19,188.7400,124.5800,109.1600,74.3400
2014-05-20,187.5500,124.6900,109.2100,74.1100
2014-05-21,189.1300,124.3900,109.1700,73.6200
2014-05-22,189.5900,124.6700,109.1200,73.4900
2014-05-23,190.3500,124.5100,109.2300,74.1400
2014-05-27,191.5200,121.8500,109.3300,74.6700
2014-05-28,191.3800,121.2000,109.6300,74.2000
2014-05-29,192.3700,120.9400,109.5700,74.3500
2014-05-30,192.6800,120.4300,109.6700,74.6900
2014-06-02,192.9000,119.7000,109.1300,74.9200
2014-06-03,192.8000,120.0100,108.8400,74.8800
2014-06-04,193.1900,119.7600,108.8000,75.0300
2014-06-05,194.4500,120.6600,108.9400,76.4100
2014-06-06,195.3800,120.6100,108.8800,76.0900
2014-06-09,195.5800,120.6500,108.7800,75.1700
2014-06-10,195.6000,121.3900,108.6200,74.6100
2014-06-11,194.9200,121.4100,108.7000,74.4100
2014-06-12,193.5400,122.6400,108.9100,74.2200
2014-06-13,194.1300,122.9600,108.8800,74.4100
2014-06-16,194.2900,122.4200,108.8200,74.0300
2014-06-17,194.8300,122.2800,108.6200,74.2200
2014-06-18,196.2600,122.6700,108.9100,74.7400
2014-06-19,196.4800,126.9400,108.7500,75.3600
2014-06-20,195.9400,126.5000,108.9400,75.6200
2014-06-23,195.8800,126.8500,108.8400,75.3100
2014-06-24,194.7000,126.9800,109.0300,74.6700
2014-06-25,195.5800,126.9900,109.1800,74.5200
2014-06-26,195.4400,126.7300,109.3900,74.4500
2014-06-27,195.8200,126.6600,109.3900,75.0200
2014-06-30,195.7200,128.0400,109.4000,74.8400
2014-07-01,197.0300,127.7000,109.0700,75.2400
2014-07-02,197.2300,127.7000,108.6900,75.0600
2014-07-03,198.2000,127.1600,108.6200,74.6300
2014-07-07,197.5100,127.0200,108.6500,74.8500
2014-07-08,196.2400,127.0700,108.8700,75.0700
2014-07-09,197.1200,127.8400,108.9600,75.1900
2014-07-10,196.3400,128.5400,109.0100,75.5300
2014-07-11,196.6100,128.7800,109.1600,75.5400
2014-07-14,197.6000,125.7200,109.0700,75.9100
2014-07-15,197.2300,124.5300,108.9300,75.9600
2014-07-16,197.9600,124.9700,109.0200,76.2000
2014-07-17,195.7100,127.0900,109.3400,75.8100
2014-07-18,197.7100,126.1300,109.2200,76.5600
2014-07-21,197.3400,126.3400,109.2600,76.2800
2014-07-22,198.2000,125.7400,109.4400,76.5200
2014-07-23,198.6400,125.6200,109.4600,76.6600
2014-07-24,198.6500,124.3500,109.1200,76.5600
2014-07-25,197.7200,125.7900,109.3300,76.0300
2014-07-28,197.8000,125.5800,109.3500,76.5600
2014-07-29,196.9500,125.2000,109.4600,76.1900
2014-07-30,196.9800,124.8300,109.0700,76.0300
2014-07-31,193.0900,123.3900,108.9300,74.9000
2014-08-01,192.5000,124.3800,109.1400,74.7200
2014-08-04,193.8900,123.9900,109.1200,75.2400
2014-08-05,192.0100,123.8700,109.1200,74.4700
2014-08-06,192.0700,125.6700,109.1300,74.4400
2014-08-07,191.0300,126.1800,109.3400,74.4800
2014-08-08,193.2400,126.1900,109.3800,74.9200
2014-08-11,193.8000,125.9600,109.3900,75.3900
2014-08-12,193.5300,125.9900,109.3400,75.2700
2014-08-13,194.8400,126.2000,109.5600,76.3600
2014-08-14,195.7600,126.3100,109.6200,76.3100
2014-08-15,195.7200,125.4800,109.8900,76.2300
2014-08-18,197.3600,124.9600,109.6600,76.9800
2014-08-19,198.3900,124.6800,109.5100,77.1400
2014-08-20,198.9200,124.2200,109.3900,77.4900
2014-08-21,199.5000,122.8800,109.5800,77.3700
2014-08-22,199.1900,123.1900,109.5600,76.7500
2014-08-25,200.2000,122.7400,109.6500,76.5800
2014-08-26,200.3300,123.3500,109.6600,76.7300
2014-08-27,200.2500,123.3200,109.8000,76.7800
2014-08-28,200.1400,124.0000,110.0200,76.7700
2014-08-29,200.7100,123.8600,109.9800,77.1800
2014-09-02,200.6100,121.6500,109.4500,77.1900
2014-09-03,200.5000,122.1500,109.5700,77.3900
2014-09-04,200.2100,121.4800,109.4300,77.1000
2014-09-05,201.1100,122.0600,109.3700,77.9200
2014-09-08,200.5900,120.7300,109.2600,77.8400
2014-09-09,199.3200,120.8700,109.1100,77.3600
2014-09-10,200.0700,120.2600,108.9600,76.1400
2014-09-11,200.3000,119.4700,108.8500,76.2000
2014-09-12,199.1300,118.3800,108.6300,73.8600
2014-09-15,198.9800,118.6400,108.6100,73.5000
2014-09-16,200.4800,118.8300,108.6100,74.2200
2014-09-17,200.7500,117.5400,108.4900,74.2000
2014-09-18,201.8200,117.7800,108.5000,73.5500
2014-09-19,200.7000,117.0900,108.6800,73.6400
2014-09-22,199.1500,116.8500,108.8300,73.0600
2014-09-23,198.0100,117.6000,108.9300,72.5300
2014-09-24,199.5600,117.0500,108.8600,71.6700
2014-09-25,196.3400,117.3900,109.0700,71.3500
2014-09-26,197.9000,117.0600,109.0600,72.3100
2014-09-29,197.5400,117.0300,109.1800,72.2100
2014-09-30,197.0200,116.2100,109.1100,71.8500
2014-10-01,194.3500,116.7700,109.5300,71.9100
2014-10-02,194.3800,116.7400,109.3500,71.7900
2014-10-03,196.5200,114.6100,109.3000,72.2400
2014-10-06,196.2900,116.0300,109.4000,72.4300
2014-10-07,193.2600,116.3600,109.8200,71.8600
2014-10-08,196.6400,117.4700,110.1300,73.4200
2014-10-09,192.7400,117.6400,109.9100,73.4200
2014-10-10,190.5400,117.5900,109.9900,73.4900
2014-10-13,187.4100,118.5200,110.3100,73.5600
2014-10-14,187.7000,118.5900,110.5600,74.7500
2014-10-15,186.4300,118.9900,110.7600,74.4600
2014-10-16,186.2700,119.2200,110.6700,74.5800
2014-10-17,188.4700,118.9900,110.5200,74.6700
2014-10-20,190.3000,119.8000,110.6500,75.8100
2014-10-21,194.0700,120.0200,110.5500,76.5000
2014-10-22,192.6900,119.3400,110.4900,76.5200
2014-10-23,194.9300,118.5200,110.2300,77.1100
2014-10-24,196.4300,118.3500,110.2700,77.0500
2014-10-27,196.1600,118.0600,110.3100,77.6200
2014-10-28,198.4100,118.1000,110.1400,77.9600
2014-10-29,198.1100,116.4100,109.9000,77.5200
2014-10-30,199.3800,115.1900,110.0800,78.0100
2014-10-31,201.6600,112.6600,110.0800,78.9900
2014-11-03,201.7700,112.1500,109.6800,79.6800
2014-11-04,201.0700,112.2200,109.6900,79.8100
2014-11-05,202.3400,109.7900,109.7300,79.6400
2014-11-06,203.1500,109.8800,109.5400,79.0300
2014-11-07,203.3400,112.9700,109.9100,78.9300
2014-11-10,203.9800,110.4600,109.6500,79.5800
2014-11-11,204.1800,112.0400,109.7000,79.2700
2014-11-12,203.9600,111.5000,109.7100,78.6700
2014-11-13,204.1900,111.6700,109.7600,79.1000
2014-11-14,204.2400,114.4700,109.8600,78.4500
2014-11-17,204.3700,114.0500,109.7300,78.8000
2014-11-18,205.5500,115.0500,109.8300,79.1400
2014-11-19,205.2200,113.6800,109.5700,78.4300
2014-11-20,205.5800,114.8600,109.7700,78.6900
2014-11-21,206.6800,115.3900,109.9000,79.1800
2014-11-24,207.2600,115.1100,109.9400,79.4600
2014-11-25,207.1100,115.3800,110.1800,79.6000
2014-11-26,207.6400,115.1600,110.2700,80.3700
2014-11-28,207.2000,112.1100,110.6100,80.5700
2014-12-01,205.7600,116.5800,110.0800,80.3700
2014-12-02,207.0900,115.1400,109.8600,80.8700
2014-12-03,207.8900,116.3300,109.7600,80.7900
2014-12-04,207.6600,115.8800,110.0900,81.0000
2014-12-05,208.0000,114.4300,109.6200,80.5900
2014-12-08,206.6100,115.7800,109.8900,81.1000
2014-12-09,206.4700,118.1900,110.0600,81.4700
2014-12-10,203.1600,117.9600,110.2500,81.3900
2014-12-11,204.1900,117.6900,110.2100,81.5400
2014-12-12,200.8900,117.4100,110.5600,80.8300
2014-12-15,199.5100,114.3900,110.2600,79.7800
2014-12-16,197.9100,114.9500,110.5300,79.6700
2014-12-17,201.7900,114.2700,110.3900,81.5000
2014-12-18,206.7800,115.1500,110.1000,82.0700
2014-12-19,206.5200,114.7700,110.2800,82.0300
2014-12-22,207.4700,112.5500,110.4500,82.2800
2014-12-23,207.7500,112.7400,109.9400,82.0500
2014-12-24,207.7700,112.7700,109.6900,81.7100
2014-12-26,208.4400,114.8300,109.7400,82.0000
2014-12-29,208.7200,113.6700,109.9700,82.4500
2014-12-30,207.6000,115.2000,110.0900,82.3900
2014-12-31,205.5400,113.5800,110.1200,81.0000
2015-01-02,205.4300,114.0800,110.4300,82.2200
2015-01-05,201.7200,115.8000,110.6700,82.6700
2015-01-06,199.8200,117.1200,110.9500,83.4900
2015-01-07,202.3100,116.4300,110.9300,84.7700
2015-01-08,205.9000,115.9400,110.7600,85.0900
2015-01-09,204.2500,117.2600,111.0300,85.1300
2015-01-12,202.6500,118.5600,111.1200,85.7800
2015-01-13,202.0800,118.1600,111.1500,85.6500
2015-01-14,200.8600,117.9700,111.4200,86.3900
2015-01-15,199.0200,120.9400,111.9300,86.5900
2015-01-16,201.6300,122.5200,111.5000,87.3400
2015-01-20,202.0600,124.2000,111.6900,86.6500
2015-01-21,203.0800,124.2300,111.4900,86.5900
2015-01-22,206.1000,125.2300,111.4300,88.1300
2015-01-23,204.9700,124.2300,111.7100,87.8800
2015-01-26,205.4500,122.9900,111.6600,88.6200
2015-01-27,202.7400,124.4000,111.6000,88.6500
2015-01-28,200.1400,123.4200,112.0700,88.0600
2015-01-29,201.9900,120.7600,111.9800,88.3700
2015-01-30,199.4500,123.4500,112.3800,86.5500
2015-02-02,201.9200,122.4200,112.2000,86.3200
2015-02-03,204.8400,121.0500,111.7700,87.0700
2015-02-04,204.0600,121.5800,111.9400,86.7100
2015-02-05,206.1200,121.7900,111.7100,87.7500
2015-02-06,205.5500,118.6400,111.0600,85.2000
2015-02-09,204.6300,119.1700,111.0400,84.6000
2015-02-10,206.8100,118.4700,110.9200,84.8700
2015-02-11,206.9300,117.0700,110.8700,84.6200
2015-02-12,208.9200,117.3400,110.8900,85.6300
2015-02-13,209.7800,117.9800,110.7600,85.0600
2015-02-17,210.1100,116.0100,110.3100,84.8500
2015-02-18,210.1300,116.3400,110.6200,85.6400
2015-02-19,209.9800,115.9400,110.5300,83.8000
2015-02-20,211.2400,115.2800,110.5500,84.6100
2015-02-23,211.2100,115.4300,110.7500,85.2900
2015-02-24,211.8100,115.2600,111.2400,83.6100
2015-02-25,211.6300,115.7000,111.3200,83.6300
2015-02-26,211.3800,116.0700,110.9200,82.7200
2015-02-27,210.6600,116.1600,111.2000,83.3700
2015-03-02,211.9900,115.6800,110.4500,83.8500
2015-03-03,211.1200,115.4700,110.3100,83.6900
2015-03-04,210.2300,115.1100,110.3700,82.8900
2015-03-05,210.4600,115.0000,110.4200,83.1300
2015-03-06,207.5000,111.8600,109.7000,80.3700
2015-03-09,208.3600,111.9700,109.9800,81.0100
2015-03-10,204.9800,111.4200,110.2400,80.9500
2015-03-11,204.5000,110.7500,110.4600,81.0200
2015-03-12,207.1000,110.7200,110.5500,82.4300
2015-03-13,205.8300,110.8800,110.3400,82.3800
2015-03-16,208.5800,110.8100,110.5800,83.2300
2015-03-17,207.9600,110.2100,110.5600,83.2000
2015-03-18,210.4600,112.3700,111.3700,84.9400
2015-03-19,209.5000,112.2900,110.9800,84.9000
2015-03-20,210.4100,113.5700,111.3200,87.0300
2015-03-23,210.0000,114.2900,111.3400,86.9200
2015-03-24,208.8200,114.5700,111.6400,86.1800
2015-03-25,205.7600,114.7300,111.4300,84.1900
2015-03-26,205.2700,115.4800,111.0300,83.7500
2015-03-27,205.7400,115.0600,111.1900,83.8600
2015-03-30,208.2500,113.7500,111.2400,85.0600
2015-03-31,206.4300,113.6600,111.4300,84.3100
2015-04-01,205.7000,115.6000,111.5800,84.1900
2015-04-02,206.4400,115.2800,111.4300,84.8300
2015-04-06,207.8300,116.6900,111.5000,85.7100
2015-04-07,207.2800,116.1100,111.5200,84.2000
2015-04-08,207.9800,115.4700,111.5300,84.3300
2015-04-09,208.9000,114.6700,111.2500,82.5800
2015-04-10,210.0400,115.9700,111.2500,82.5200
2015-04-13,209.0900,115.1400,111.3700,82.3000
2015-04-14,209.4900,114.4400,111.4900,82.5900
2015-04-15,210.4300,115.4300,111.6400,81.9700
2015-04-16,210.3700,115.0300,111.5800,82.1800
2015-04-17,207.9500,115.6000,111.6700,81.8000
2015-04-20,209.8500,114.7200,111.5900,81.9200
2015-04-21,209.6000,115.3800,111.4700,82.0600
2015-04-22,210.6300,113.8300,111.1400,82.2300
2015-04-23,211.1600,114.6600,111.3100,82.4500
2015-04-24,211.6500,113.0500,111.5000,82.6200
2015-04-27,210.7700,115.3300,111.5400,82.5100
2015-04-28,211.4400,116.3300,111.1100,82.3500
2015-04-29,210.5700,115.5100,110.8600,80.6900
2015-04-30,208.4600,113.4700,110.8600,79.3800
2015-05-01,210.7200,113.0800,110.3400,79.9800
2015-05-04,211.3200,114.1000,110.1300,80.0600
2015-05-05,208.9000,114.4200,110.0300,78.3200
2015-05-06,208.0400,114.3600,109.6600,78.1700
2015-05-07,208.8700,113.4200,109.9300,79.3700
2015-05-08,211.6200,113.9700,110.2900,80.4800
2015-05-11,210.6100,113.5300,109.5900,79.2700
2015-05-12,209.9800,114.5000,109.5800,79.5100
2015-05-13,210.0200,116.5500,109.5700,78.7500
2015-05-14,212.2100,117.1800,109.7400,80.2700
2015-05-15,212.4400,117.5300,110.2000,81.0900
2015-05-18,213.1000,117.5200,109.7800,80.8800
2015-05-19,213.0300,115.8900,109.4000,80.6000
2015-05-20,212.8800,116.0800,109.5700,80.5300
2015-05-21,213.5000,115.6900,109.9100,80.1500
2015-05-22,212.9900,115.6000,109.7900,80.0500
2015-05-26,210.7000,113.9100,110.0600,79.4400
2015-05-27,212.7000,113.8900,110.1700,80.2200
2015-05-28,212.4600,114.0200,110.1300,80.0600
2015-05-29,211.1400,114.1000,110.1700,79.1400
2015-06-01,211.5700,114.0000,109.6600,80.1100
2015-06-02,211.3600,114.4600,109.2300,79.3700
2015-06-03,211.9200,113.6400,108.8000,78.2300
2015-06-04,210.1300,112.8400,109.0300,78.0800
2015-06-05,209.7700,112.2400,108.5500,77.2100
2015-06-08,208.4800,112.5700,108.7100,77.0700
2015-06-09,208.4500,112.8200,108.4000,76.5100
2015-06-10,210.9500,113.7800,108.1300,77.0500
2015-06-11,211.6300,113.2600,108.7100,77.5200
2015-06-12,210.0100,113.2300,108.5800,77.4500
2015-06-15,209.1100,113.7300,108.7100,77.0300
2015-06-16,210.2500,113.3200,108.8900,77.6500
2015-06-17,210.5900,113.8500,108.9000,78.3100
2015-06-18,212.7800,115.3200,108.8700,79.3900
2015-06-19,210.8100,115.1200,109.2100,78.7800
2015-06-22,211.8900,113.6400,108.6700,77.9700
2015-06-23,212.0400,112.8900,108.4200,77.3200
2015-06-24,210.5000,112.5900,108.5900,76.9000
2015-06-25,209.8600,112.4400,108.4700,76.1200
2015-06-26,209.8200,112.5600,108.2100,75.9000
2015-06-29,205.4200,113.0700,108.8500,74.7200
2015-06-30,205.8500,112.3700,108.7800,74.6900
2015-07-01,207.5000,111.9800,108.2900,75.9200
2015-07-02,207.3100,111.7600,108.4400,76.1100
2015-07-06,206.7200,112.0600,108.8300,76.5900
2015-07-07,208.0200,110.7600,108.9800,77.7900
2015-07-08,204.5300,111.0900,109.2400,77.4900
2015-07-09,204.9000,111.3600,108.8400,77.1200
2015-07-10,207.4800,111.4900,108.3800,77.7600
2015-07-13,209.7700,110.9900,108.2200,77.8700
2015-07-14,210.6800,110.7400,108.4000,78.0300
2015-07-15,210.6100,110.1600,108.6900,78.1600
2015-07-16,212.3000,109.7600,108.7800,78.7900
2015-07-17,212.4800,108.6500,108.7900,78.5100
2015-07-20,212.5900,105.7000,108.6000,78.6000
2015-07-21,211.7500,105.3700,108.7800,78.3800
2015-07-22,211.3700,104.8000,108.8300,78.7200
2015-07-23,210.1800,104.3300,109.1400,77.7400
2015-07-24,208.0000,105.3500,109.1200,78.0700
2015-07-27,206.7900,104.8600,109.2600,78.2100
2015-07-28,209.3300,105.0200,109.1500,78.2600
2015-07-29,210.7700,105.1700,109.0600,78.7700
2015-07-30,210.8200,104.2700,109.0700,78.3800
2015-07-31,210.5000,104.9300,109.5000,79.0000
2015-08-03,209.7900,104.1000,109.4000,79.4900
2015-08-04,209.3800,104.3100,109.0800,78.9100
2015-08-05,210.0700,103.9300,108.8800,78.3900
2015-08-06,208.3500,104.3900,109.0100,78.5000
2015-08-07,207.9500,104.6500,109.2000,78.7900
2015-08-10,210.5700,105.7200,109.0600,78.5400
2015-08-11,208.6700,106.2600,109.4200,79.0600
2015-08-12,208.9200,107.7500,109.3500,79.3100
2015-08-13,208.6600,106.8600,109.1200,79.4000
2015-08-14,209.4200,106.8500,109.0700,79.8300
2015-08-17,210.5900,107.1300,109.2600,80.5100
2015-08-18,209.9800,107.1100,109.0600,80.7300
2015-08-19,208.3200,108.5500,109.4000,80.2500
2015-08-20,203.9700,110.4400,109.5700,79.6600
2015-08-21,197.8300,111.1300,109.7600,78.1800
2015-08-24,189.5000,110.5300,109.7200,74.5200
2015-08-25,187.2700,109.1600,109.4600,72.4700
2015-08-26,194.4600,107.6700,108.9500,74.4300
2015-08-27,199.2700,107.7300,109.1000,75.8700
2015-08-28,199.2800,108.7000,109.0000,75.7600
2015-08-31,197.6700,108.8200,108.9200,74.0300
2015-09-01,191.7700,109.2000,109.0200,72.6200
2015-09-02,195.4100,108.6200,108.8800,73.3700
2015-09-03,195.5500,107.8400,109.0400,73.5700
2015-09-04,192.5900,107.4900,109.2700,72.2000
2015-09-08,197.4300,107.5200,109.0100,73.2900
2015-09-09,194.7900,106.1300,109.0500,72.4500
2015-09-10,195.8500,106.3800,108.9300,72.6100
2015-09-11,196.7400,106.1600,109.0600,74.0000
2015-09-14,196.0100,106.2200,109.0900,74.0400
2015-09-15,198.4600,105.9000,108.6000,74.7700
2015-09-16,200.1800,107.3100,108.5100,75.5700
2015-09-17,199.7300,108.4100,109.1900,76.4300
2015-09-18,195.4500,109.2100,109.2800,76.3000
2015-09-21,196.4600,108.5300,108.9900,76.9500
2015-09-22,193.9100,107.7900,109.2500,75.9800
2015-09-23,193.6000,108.2200,109.1600,75.7000
2015-09-24,192.9000,110.4900,109.3000,74.9900
2015-09-25,192.8500,109.8100,109.1100,75.2900
2015-09-28,188.0100,108.4200,109.3700,74.1200
2015-09-29,188.1200,107.9800,109.5400,74.9100
2015-09-30,191.6300,106.8600,109.5800,75.5400
2015-10-01,192.1300,106.7300,109.4600,75.9100
2015-10-02,195.0000,108.9900,109.7900,76.4600
2015-10-05,198.4700,108.7700,109.3800,77.7500
2015-10-06,197.7900,109.8600,109.6500,77.5700
2015-10-07,199.4100,109.7000,109.5700,78.4600
2015-10-08,201.2100,109.1400,109.4200,79.1200
2015-10-09,201.3300,110.8700,109.3300,78.9900
2015-10-12,201.5200,111.3100,109.6100,79.5500
2015-10-13,200.2500,111.8600,109.6200,78.9300
2015-10-14,199.2900,113.8100,110.0300,78.3400
2015-10-15,202.3500,113.2900,109.8800,79.4100
2015-10-16,203.2700,112.4900,109.7700,80.0100
2015-10-19,203.3700,112.0200,109.8800,81.1300
2015-10-20,203.1100,112.7300,109.6600,81.1000
2015-10-21,201.8500,111.7300,109.9200,80.8000
2015-10-22,205.2600,111.6900,109.9400,81.5100
2015-10-23,207.5100,111.5000,109.7500,80.7200
2015-10-26,207.0000,111.4300,109.8000,80.7000
2015-10-27,206.6000,111.6800,109.9600,80.6700
2015-10-28,208.9500,110.7800,109.6300,80.7400
2015-10-29,208.8300,109.7200,109.1600,80.6300
2015-10-30,207.9300,109.3000,109.4500,79.8900
2015-11-02,210.3900,108.5900,109.0200,81.5900
2015-11-03,211.0000,106.9800,108.8200,80.7700
2015-11-04,210.3600,105.9700,108.8200,80.4100
2015-11-05,210.1500,105.6400,108.7700,80.7300
2015-11-06,210.0400,104.1000,108.2500,78.2200
2015-11-09,208.0800,104.4000,108.1800,76.8800
2015-11-10,208.5600,104.1800,108.3800,77.7600
2015-11-11,207.7400,103.8300,108.2400,77.8500
2015-11-12,204.8400,103.8500,108.3400,77.3200
2015-11-13,202.5400,103.5600,108.5500,76.4400
2015-11-16,205.6200,103.7100,108.6400,77.3200
2015-11-17,205.4700,102.3400,108.7200,77.3200
2015-11-18,208.7300,102.4300,108.6400,78.0000
2015-11-19,208.5500,103.5600,108.6900,78.2400
2015-11-20,209.3100,103.0900,108.6200,79.2200
2015-11-23,209.0700,102.2600,108.6500,79.3900
2015-11-24,209.3500,102.9400,108.7500,78.9700
2015-11-25,209.3200,102.4600,108.8000,79.2900
2015-11-27,209.5600,101.2500,108.7700,79.9800
2015-11-30,208.6900,101.9200,108.8100,79.3900
2015-12-01,210.6800,102.2800,108.8200,80.4900
2015-12-02,208.5300,100.6900,108.6900,78.8500
2015-12-03,205.6100,101.7600,107.8900,77.6100
2015-12-04,209.6200,104.0200,108.2400,79.0900
2015-12-07,208.3500,102.6700,108.4000,78.8700
2015-12-08,206.9500,102.8400,108.4400,78.8000
2015-12-09,205.3400,102.6400,108.4400,78.3600
2015-12-10,205.8700,102.5500,108.4200,77.8000
2015-12-11,201.8800,103.1100,108.6900,77.6600
2015-12-14,202.9000,101.7900,108.1800,78.0200
2015-12-15,205.0300,101.5200,108.1900,78.8700
2015-12-16,208.0300,102.7500,108.0000,80.4100
2015-12-17,204.8600,100.5000,108.1500,80.0100
2015-12-18,200.0200,102.0400,108.3800,79.0800
2015-12-21,201.6700,103.1500,108.2800,79.3900
2015-12-22,203.5000,102.6100,108.2000,79.7100
2015-12-23,206.0200,102.3100,108.1800,79.4200
2015-12-24,205.6800,103.0500,108.0100,79.4200
2015-12-28,205.2100,102.2700,108.0100,79.8600
2015-12-29,207.4000,102.2000,107.7400,80.7100
2015-12-30,205.9300,101.4200,107.7200,80.4300
2015-12-31,203.8700,101.4600,108.0100,79.7300
2016-01-04,201.0200,102.8900,107.9700,78.7700
2016-01-05,201.3600,103.1800,108.0200,80.2900
2016-01-06,198.8200,104.6700,108.4300,80.0700
2016-01-07,194.0500,106.1500,108.4200,78.5100
2016-01-08,191.9200,105.6800,108.6600,77.4600
2016-01-11,192.1100,104.7400,108.3500,77.9000
2016-01-12,193.6600,104.2100,108.5900,77.3800
2016-01-13,188.8300,104.7200,108.8400,76.2700
2016-01-14,191.9300,103.0200,108.8000,76.0900
2016-01-15,187.8100,104.0800,108.9300,75.5700
2016-01-19,188.0600,103.9800,108.8200,75.9700
2016-01-20,185.6500,105.3700,108.9100,73.9300
2016-01-21,186.6900,105.4900,108.7600,74.3400
2016-01-22,190.5200,105.0000,108.8400,76.4100
2016-01-25,187.6400,106.0800,108.7800,75.9300
2016-01-26,190.2000,107.2900,108.9200,77.5200
2016-01-27,188.1300,107.6900,108.9400,76.0200
2016-01-28,189.1100,106.5400,109.0300,75.4400
2016-01-29,193.7200,106.9500,109.3500,76.9900
2016-02-01,193.6500,108.0500,108.9900,77.1200
2016-02-02,190.1600,108.0900,109.3200,76.4200
2016-02-03,191.3000,109.2500,109.3100,76.9300
2016-02-04,191.6000,110.5700,109.4200,76.9700
2016-02-05,187.9500,112.3200,109.3200,75.5100
2016-02-08,185.4200,113.8300,109.7400,73.3500
2016-02-09,185.4300,113.5800,109.7300,72.0000
2016-02-10,185.2700,114.4600,110.0000,72.5000
2016-02-11,182.8600,119.0600,110.0700,71.4700
2016-02-12,186.6300,118.3600,109.7700,72.2900
2016-02-16,189.7800,114.7700,109.5000,73.6200
2016-02-17,192.8800,115.4800,109.4400,74.2500
2016-02-18,192.0900,118.2900,109.7700,75.0000
2016-02-19,192.0000,117.5800,109.7900,75.4300
2016-02-22,194.7800,115.4900,109.8200,76.1500
2016-02-23,192.3200,117.2200,109.8400,75.9500
2016-02-24,193.2000,117.6100,109.8800,75.8600
2016-02-25,195.5400,117.9200,110.1600,77.4100
2016-02-26,195.0900,117.1100,109.9600,77.0100
2016-02-29,193.5600,118.6400,110.0900,76.7100
2016-03-01,198.1100,117.7700,109.5400,78.8700
2016-03-02,199.0000,118.6800,109.4200,79.4400
2016-03-03,199.7800,120.7300,109.5500,79.8600
2016-03-04,200.4300,120.5400,109.3800,79.8700
2016-03-07,200.5900,121.1400,109.3500,80.0800
2016-03-08,198.4000,120.5800,109.6200,79.2600
2016-03-09,199.3800,119.5800,109.5700,79.7000
2016-03-10,199.5400,121.5000,109.6200,79.4100
2016-03-11,202.7600,119.4100,109.4200,81.1900
2016-03-14,202.5000,117.8700,109.4800,81.2000
2016-03-15,202.1700,117.9600,109.3800,81.2400
2016-03-16,203.3400,120.5900,109.8500,82.2200
2016-03-17,204.6300,120.1300,110.0800,83.3800
2016-03-18,204.3800,119.8000,110.1700,83.0200
2016-03-21,204.6700,118.9600,109.9300,81.3600
2016-03-22,204.5600,119.3100,109.8600,81.3600
2016-03-23,203.2100,116.6100,110.1000,80.9200
2016-03-24,203.1200,116.3300,110.1100,80.9500
2016-03-28,203.2400,116.6000,110.1900,81.6800
2016-03-29,205.1200,118.7600,110.5200,83.4500
2016-03-30,206.0200,117.1000,110.4800,83.2900
2016-03-31,205.5200,117.6400,110.8300,83.8000
2016-04-01,206.9200,116.9300,110.5100,83.6900
2016-04-04,206.2500,116.1500,110.6200,83.5700
2016-04-05,204.1900,117.6600,110.7700,83.0200
2016-04-06,206.4200,116.9400,110.7500,83.2200
2016-04-07,203.9500,118.6100,110.9900,82.7000
2016-04-08,204.5000,118.4300,110.8800,83.1600
2016-04-11,204.0200,120.0300,110.9600,82.9900
2016-04-12,205.9200,120.0500,110.7800,83.5900
2016-04-13,208.0000,118.7700,110.8300,83.2200
2016-04-14,208.0100,117.1100,110.6400,82.7600
2016-04-15,207.7800,117.9200,110.9500,83.3800
2016-04-18,209.2400,117.7400,110.9400,83.7800
2016-04-19,209.9000,119.5800,110.9300,83.8200
2016-04-20,210.1000,118.9700,110.6600,82.4000
2016-04-21,208.9700,119.4200,110.5100,80.9300
2016-04-22,208.9700,117.8900,110.5200,81.8100
2016-04-25,208.6100,118.2300,110.4000,82.4900
2016-04-26,208.9200,118.7000,110.3500,82.8100
2016-04-27,209.3500,119.0400,110.6800,82.7600
2016-04-28,207.4500,121.2900,110.9000,82.5900
2016-04-29,206.3300,123.6500,110.8900,81.8300
2016-05-02,207.9700,123.2400,110.6100,83.1000
2016-05-03,206.1600,122.9600,110.8100,83.2300
2016-05-04,205.0100,122.2100,110.8600,84.4200
2016-05-05,204.9700,122.0700,111.1400,84.6600
2016-05-06,205.7200,123.1800,110.9700,85.5900
2016-05-09,205.8900,120.6500,111.0400,86.5300
2016-05-10,208.4500,120.9800,111.0900,86.5200
2016-05-11,206.5000,122.1200,111.0900,84.6700
2016-05-12,206.5600,121.1600,110.9900,85.1600
2016-05-13,204.7600,121.7100,111.2000,84.4000
2016-05-16,206.7800,121.8000,111.0100,85.2000
2016-05-17,204.8500,122.2200,110.8600,83.6200
2016-05-18,204.9100,120.1000,110.4000,82.3100
2016-05-19,204.2000,119.8700,110.4700,81.3900
2016-05-20,205.4900,119.7100,110.5400,82.0400
2016-05-23,205.2100,119.3700,110.5200,82.0500
2016-05-24,207.8700,117.3000,110.4600,83.0700
2016-05-25,209.2800,116.9800,110.4800,83.0700
2016-05-26,209.3400,116.5800,110.6500,83.2300
2016-05-27,210.2400,115.6200,110.6300,83.6800
2016-05-31,209.8400,116.0600,110.7000,83.6700
2016-06-01,210.2700,115.9400,110.4200,83.7400
2016-06-02,210.9100,115.6700,110.7000,84.1700
2016-06-03,210.2800,118.8800,111.3000,84.5100
2016-06-06,211.3500,118.9200,111.1500,83.8600
2016-06-07,211.6800,118.8200,111.2500,84.3700
2016-06-08,212.3700,120.5800,111.2900,84.9100
2016-06-09,212.0800,121.2500,111.3700,85.1000
2016-06-10,210.0700,121.7400,111.5200,84.7000
2016-06-13,208.4500,122.6400,111.6100,84.7200
2016-06-14,208.0400,122.7700,111.5600,84.5000
2016-06-15,207.7500,123.6800,111.8000,85.3000
2016-06-16,208.3700,122.3800,111.8700,85.7800
2016-06-17,206.5200,123.9500,111.7900,85.6400
2016-06-20,207.8500,123.2100,111.4800,85.7600
2016-06-21,208.4400,120.8400,111.4000,85.3200
2016-06-22,208.1000,120.9000,111.4700,85.1900
2016-06-23,210.8100,120.1100,111.2800,85.6200
2016-06-24,203.2400,126.0000,111.8800,84.8600
2016-06-27,199.6000,126.6800,112.3300,84.9200
2016-06-28,203.2000,125.3200,112.4700,86.7100
2016-06-29,206.6600,125.8400,112.3900,87.7600
2016-06-30,209.4800,126.4700,112.6200,88.6700
2016-07-01,209.9200,128.4100,112.6500,88.7000
2016-07-05,208.4100,129.4700,112.9500,89.6800
2016-07-06,209.6600,130.2300,113.1600,89.2900
2016-07-07,209.5300,129.7400,113.0800,88.3700
2016-07-08,212.6500,130.5200,113.2500,89.8000
2016-07-11,213.4000,129.2900,112.9500,90.4000
2016-07-12,214.9500,127.1500,112.6100,90.3900
2016-07-13,214.9200,128.3200,112.7700,90.8900
2016-07-14,216.1200,127.3300,112.6700,90.0800
2016-07-15,215.8300,126.8400,112.2600,90.1100
2016-07-18,216.4100,127.0400,112.2800,90.3500
2016-07-19,216.1900,127.2100,112.5100,90.7900
2016-07-20,217.0900,125.3900,112.4100,90.8000
2016-07-21,216.2700,127.3000,112.5100,90.9800
2016-07-22,217.2400,126.3500,112.5300,91.7800
2016-07-25,216.6500,125.4700,112.4000,91.6100
2016-07-26,216.7500,126.0000,112.4000,91.1600
2016-07-27,216.5200,128.0300,112.7300,90.4500
2016-07-28,216.7700,127.6600,112.7200,91.2900
2016-07-29,217.1200,128.9800,113.0200,92.4500
2016-08-01,216.9400,129.2200,112.5500,92.6500
2016-08-02,215.5500,130.2700,112.2200,91.1700
2016-08-03,216.1800,129.6500,112.3400,90.6400
2016-08-04,216.4100,129.8700,112.5500,90.2700
2016-08-05,218.1800,127.5500,112.1700,90.3300
2016-08-08,218.0500,127.4400,112.2400,90.4900
2016-08-09,218.1800,127.9600,112.5300,90.9800
2016-08-10,217.6400,128.5600,112.6600,90.8800
2016-08-11,218.6500,127.6700,112.3600,89.8500
2016-08-12,218.4600,127.4000,112.6300,90.2300
2016-08-15,219.0900,127.8400,112.4300,90.1400
2016-08-16,217.9600,128.4700,112.3600,89.0600
2016-08-17,218.3700,128.5000,112.5700,89.4200
2016-08-18,218.8600,129.1100,112.7300,89.0900
2016-08-19,218.5400,127.9700,112.4800,88.5200
2016-08-22,218.5300,127.7800,112.6500,89.0000
2016-08-23,218.9700,127.7600,112.6800,89.0500
2016-08-24,217.8500,126.3400,112.6400,88.6600
2016-08-25,217.7000,126.2300,112.5200,89.0600
2016-08-26,217.2900,126.0500,112.3400,88.1800
2016-08-29,218.3600,126.3000,112.6500,89.0500
2016-08-30,218.0000,125.0300,112.5900,88.8800
2016-08-31,217.3800,124.7800,112.5700,88.9700
2016-09-01,217.3900,125.2900,112.4600,88.7500
2016-09-02,218.3700,126.5700,112.3100,89.5200
2016-09-06,219.0300,128.7100,112.5500,90.2100
2016-09-07,219.0100,128.2700,112.6100,90.7500
2016-09-08,218.5100,127.5900,112.2200,89.6400
2016-09-09,213.2800,126.7500,111.7300,86.0900
2016-09-12,216.3400,126.5900,111.8200,87.1100
2016-09-13,213.2300,125.7500,111.5100,84.3400
2016-09-14,213.1500,126.1800,111.6500,84.6100
2016-09-15,215.2800,125.3700,111.7200,84.9300
2016-09-16,213.3700,125.0600,111.8000,84.9700
2016-09-19,213.4100,125.3200,111.7100,85.7400
2016-09-20,213.4200,125.4400,111.7500,85.6100
2016-09-21,215.8200,127.2700,112.0300,86.7100
2016-09-22,217.1800,127.5700,112.2600,88.2600
2016-09-23,215.9900,127.6500,112.2300,88.5300
2016-09-26,214.2400,127.5500,112.3700,88.7400
2016-09-27,215.5700,126.6200,112.5100,87.8000
2016-09-28,216.6400,126.2200,112.5400,88.5200
2016-09-29,214.6800,126.0700,112.5400,87.3400
2016-09-30,216.3000,125.6400,112.4200,86.7400
2016-10-03,215.7800,125.3200,112.0900,85.1200
2016-10-04,214.6800,120.9700,111.7100,83.9600
2016-10-05,215.6300,120.7800,111.5600,82.2600
2016-10-06,215.7800,119.6600,111.5600,82.2900
2016-10-07,215.0400,119.7400,111.5800,82.1500
2016-10-10,216.1600,120.1600,111.5300,82.6600
2016-10-11,213.4300,119.5500,111.3600,81.8600
2016-10-12,213.7100,119.7400,111.4000,82.8000
2016-10-13,213.0100,120.0300,111.5600,83.4500
2016-10-14,213.1200,119.3600,111.3700,83.0800
2016-10-17,212.3800,119.6800,111.5600,83.2600
2016-10-18,213.7100,120.4200,111.7400,83.7900
2016-10-19,214.2800,121.1100,111.8000,83.9700
2016-10-20,213.8800,120.7400,111.7600,83.7800
2016-10-21,213.9800,120.8300,111.8300,83.4700
2016-10-24,214.8900,120.5600,111.6600,83.6600
2016-10-25,214.1700,121.4700,111.6600,83.5100
2016-10-26,213.7400,120.7900,111.4400,82.4200
2016-10-27,213.1700,121.0100,111.1600,80.2600
2016-10-28,212.5400,121.5800,111.1600,80.4500
2016-10-31,212.5500,121.9400,111.3000,81.7600
2016-11-01,211.0100,122.7300,111.0300,79.9800
2016-11-02,209.7400,123.6400,111.1600,78.8100
2016-11-03,208.7800,124.3000,111.0100,78.2000
2016-11-04,208.5500,124.3900,111.2400,78.8200
2016-11-07,213.1500,122.1500,111.1100,80.2000
2016-11-08,214.1100,121.6400,110.9300,80.6200
2016-11-09,216.3800,121.5600,109.9000,79.4000
2016-11-10,216.9200,119.7500,109.4500,78.0700
2016-11-11,216.4200,117.1000,109.2500,78.5400
2016-11-14,216.5900,116.1100,108.8100,80.4000
2016-11-15,218.2800,117.1200,108.8900,79.7300
2016-11-16,217.8700,116.7700,109.1300,79.5000
2016-11-17,218.9900,116.1700,108.7200,78.6900
2016-11-18,218.5000,115.1500,108.3700,78.9200
2016-11-21,220.1500,115.5800,108.4600,78.6800
2016-11-22,220.5800,115.5400,108.5600,80.0600
2016-11-23,220.7000,113.2500,108.1800,79.7200
2016-11-25,221.5200,112.6100,108.1700,80.1800
2016-11-28,220.4800,113.8000,108.5500,80.5500
2016-11-29,220.9100,113.2700,108.6700,81.3200
2016-11-30,220.3800,111.7500,108.2400,80.3900
2016-12-01,219.5700,111.5400,107.6800,79.2100
2016-12-02,219.6800,112.1400,108.0200,80.0000
2016-12-05,221.0000,111.5400,108.1100,80.5900
2016-12-06,221.7000,111.4300,108.0900,81.1100
2016-12-07,224.6000,111.8300,108.3700,82.7300
2016-12-08,225.1500,111.5700,108.1700,83.3000
2016-12-09,226.5100,110.4000,107.8400,83.2100
2016-12-12,226.2500,110.8200,107.7400,83.7600
2016-12-13,227.7600,110.4500,107.8800,83.7200
2016-12-14,225.8800,108.8300,107.2900,81.8900
2016-12-15,226.8100,107.3400,107.1600,81.4100
2016-12-16,225.0400,108.0500,107.2300,82.6300
2016-12-19,225.5300,108.5900,107.5100,83.5200
2016-12-20,226.4000,107.7900,107.4100,83.7100
2016-12-21,225.7700,107.8500,107.6400,82.4400
2016-12-22,225.3800,107.5900,107.3900,80.6100
2016-12-23,225.7100,107.9300,107.4200,80.8200
2016-12-27,226.2700,108.5600,107.3400,80.9900
2016-12-28,224.4000,108.8600,107.5100,80.5000
2016-12-29,224.3500,110.2900,107.8400,81.5000
2016-12-30,223.5300,109.6100,108.0600,82.5300
2017-01-03,225.2400,110.4700,108.1700,82.8000
2017-01-04,226.5800,110.8600,108.2000,84.0100
2017-01-05,226.4000,112.5800,108.6500,84.2800
2017-01-06,227.2100,111.7500,108.2900,84.2900
2017-01-09,226.4600,112.6700,108.4700,83.5300
2017-01-10,226.4600,113.1500,108.4400,82.8200
2017-01-11,227.1000,113.5000,108.5700,82.3100
2017-01-12,226.5300,113.9100,108.6100,82.7300
2017-01-13,227.0500,114.2100,108.4200,82.6100
2017-01-17,226.2500,115.8500,108.7900,83.2500
2017-01-18,226.7500,114.8700,108.3200,83.3900
2017-01-19,225.9100,114.7700,108.0400,82.5400
2017-01-20,226.7400,115.0500,108.0800,83.1400
2017-01-23,226.1500,115.7900,108.3800,83.8400
2017-01-24,227.6000,115.2700,108.2100,83.8600
2017-01-25,229.5700,114.3200,107.9200,83.3100
2017-01-26,229.3300,113.2600,107.9900,83.1500
2017-01-27,228.9700,113.4900,108.0800,82.3400
2017-01-30,227.5500,113.9700,108.0300,81.7800
2017-01-31,227.5300,115.5500,108.2900,82.3700
2017-02-01,227.6200,115.2000,107.9200,81.3800
2017-02-02,227.7700,115.8400,107.9800,82.3500
2017-02-03,229.3400,116.1300,108.0100,82.8000
2017-02-06,228.9300,117.7000,108.3200,82.6600
2017-02-07,228.9400,117.4600,108.4300,82.3700
2017-02-08,229.2400,118.1900,108.7400,83.0200
2017-02-09,230.6000,117.2900,108.4800,83.2200
2017-02-10,231.5100,117.6000,108.4600,83.8100
2017-02-13,232.7700,116.8000,108.3000,83.8400
2017-02-14,233.7000,116.9300,108.0600,83.4000
2017-02-15,234.9200,117.4500,107.8900,83.1200
2017-02-16,234.7200,118.0800,108.1200,83.6100
2017-02-17,235.0900,117.6800,108.3600,83.7700
2017-02-21,236.4900,117.7500,108.3500,84.8400
2017-02-22,236.2800,117.9100,108.4200,84.5600
2017-02-23,236.4400,118.9400,108.6000,85.0000
2017-02-24,236.7400,119.7000,109.0000,85.4000
2017-02-27,237.1100,119.1200,108.8000,85.8500
2017-02-28,236.4700,119.2300,108.7700,85.2600
2017-03-01,239.7800,119.0600,108.0400,85.0000
2017-03-02,238.2700,117.5800,107.8400,84.5400
2017-03-03,238.4200,117.5100,107.9200,84.2100
2017-03-06,237.7100,116.7200,107.8700,83.8300
2017-03-07,237.0000,115.7800,107.7300,83.4300
2017-03-08,236.5600,115.0600,107.4700,81.8900
2017-03-09,236.8600,114.4700,107.1400,80.6600
2017-03-10,237.6900,114.7200,107.3000,80.4100
2017-03-13,237.8100,114.7400,107.1200,80.6100
2017-03-14,236.9000,114.1200,107.1600,80.5900
2017-03-15,238.9500,116.2500,107.7800,82.2200
2017-03-16,238.4800,116.7300,107.6600,82.0600
2017-03-17,237.0300,116.9900,107.8900,82.4400
2017-03-20,236.7700,117.5100,108.0500,82.3700
2017-03-21,233.7300,118.5400,108.2700,82.0100
2017-03-22,234.2800,118.8300,108.4200,81.3700
2017-03-23,234.0300,118.6700,108.4500,81.9700
2017-03-24,233.8600,118.8600,108.3600,81.8800
2017-03-27,233.6200,119.5300,108.6200,81.1400
2017-03-28,235.3200,119.0400,108.3700,81.4900
2017-03-29,235.5400,119.3300,108.6100,81.9500
2017-03-30,236.2900,118.4700,108.4100,82.1000
2017-03-31,235.7400,118.7200,108.4900,82.5900
2017-04-03,235.3300,119.3500,108.6700,82.8300
2017-04-04,235.4800,119.6200,108.5700,82.8300
2017-04-05,234.7800,119.6200,108.6900,82.9500
2017-04-06,235.4400,119.1800,108.6800,83.3900
2017-04-07,235.2000,119.4600,108.4400,83.5100
2017-04-10,235.3400,119.4600,108.5800,84.0300
2017-04-11,235.0600,121.1900,108.8900,84.6100
2017-04-12,234.0300,122.0200,109.1300,84.4600
2017-04-13,232.5100,122.6000,109.2700,84.2700
2017-04-17,234.5700,122.2400,109.2100,85.2900
2017-04-18,233.8700,122.8200,109.6500,85.5200
2017-04-19,233.4400,121.7300,109.4800,85.4000
2017-04-20,235.3400,121.9600,109.3100,85.4100
2017-04-21,234.5900,122.3100,109.3400,85.1000
2017-04-24,237.1700,121.4800,109.1800,84.1600
2017-04-25,238.5500,120.2500,108.8200,84.5100
2017-04-26,238.4000,120.8400,108.9600,83.8800
2017-04-27,238.6000,120.3900,109.0600,83.6600
2017-04-28,238.0800,120.7700,109.2500,82.7900
2017-05-01,238.6800,119.6700,108.7300,83.2800
2017-05-02,238.7700,119.6500,108.8800,83.1400
2017-05-03,238.4800,117.9800,108.7700,82.0300
2017-05-04,238.7600,116.7900,108.6800,81.6300
2017-05-05,239.7000,117.0100,108.7000,82.4000
2017-05-08,239.6600,116.7500,108.4900,81.8200
2017-05-09,239.4400,116.0500,108.5000,81.3800
2017-05-10,239.8700,116.0400,108.5300,82.0200
2017-05-11,239.3800,116.5000,108.5200,81.6100
2017-05-12,238.9800,116.8300,108.9200,81.2800
2017-05-15,240.3000,117.1400,108.8800,81.5200
2017-05-16,240.0800,117.6500,109.0200,80.9700
2017-05-17,235.8200,119.7900,109.5800,81.3000
2017-05-18,236.7700,118.8100,109.5200,81.7500
2017-05-19,238.3100,119.4000,109.5200,82.1900
2017-05-22,239.5200,119.9000,109.4500,82.5100
2017-05-23,240.0500,119.1400,109.2400,82.5800
2017-05-24,240.6100,119.6100,109.4300,83.2500
2017-05-25,241.7600,119.4800,109.4800,83.2600
2017-05-26,241.7100,120.5400,109.4400,82.6600
2017-05-30,241.5000,120.1400,109.6500,82.1400
2017-05-31,241.4400,120.6200,109.7600,82.1900
2017-06-01,243.3600,120.7200,109.4800,82.6200
2017-06-02,244.1700,121.6100,109.8400,83.4700
2017-06-05,243.9900,121.7300,109.6700,83.1100
2017-06-06,243.2100,123.1000,109.8900,82.7100
2017-06-07,243.6600,122.4500,109.7600,83.2900
2017-06-08,243.7800,121.6500,109.6500,83.0900
2017-06-09,243.4100,120.5400,109.5600,83.6700
2017-06-12,243.3600,120.3600,109.5600,84.4200
2017-06-13,244.5500,120.4800,109.5900,84.6100
2017-06-14,244.2400,119.8200,109.9400,84.7300
2017-06-15,243.7700,119.3200,109.8700,85.1600
2017-06-16,242.6400,119.3400,109.9400,84.9400
2017-06-19,244.6600,118.4300,109.7900,84.9500
2017-06-20,243.0100,118.1800,109.9600,84.7500
2017-06-21,242.9500,118.5200,109.9800,84.5800
2017-06-22,242.8400,118.9200,110.0300,84.6600
2017-06-23,243.1300,119.4300,110.0500,84.1500
2017-06-26,243.2900,118.3600,110.1500,84.7500
2017-06-27,241.3300,118.8100,109.8200,83.9900
2017-06-28,243.4900,118.9000,109.8600,84.1900
2017-06-29,241.3500,118.3200,109.6500,83.2300
2017-06-30,241.8000,118.0200,109.5100,83.2300
2017-07-03,242.2100,116.0900,109.0900,84.2900
2017-07-05,242.7700,116.5200,109.1500,83.1000
2017-07-06,240.5500,116.4700,108.9400,81.5400
2017-07-07,242.1100,115.2800,108.9000,82.0000
2017-07-10,242.3700,115.4700,108.9500,81.2500
2017-07-11,242.1900,115.6200,109.0500,81.1600
2017-07-12,244.0100,116.0300,109.3800,82.1600
2017-07-13,244.4200,115.8200,109.2600,82.2900
2017-07-14,245.5600,116.7700,109.3700,83.0800
2017-07-17,245.5300,117.2900,109.4200,83.7500
2017-07-18,245.6600,118.1100,109.6700,83.5700
2017-07-19,246.9900,118.0800,109.7000,84.2000
2017-07-20,247.1000,118.2400,109.7300,83.8100
2017-07-21,246.8800,119.2600,109.9200,83.7500
2017-07-24,246.8200,119.3100,109.8200,83.5900
2017-07-25,247.4200,118.9200,109.4300,83.7000
2017-07-26,247.4300,119.8800,109.6400,84.2800
2017-07-27,247.2000,119.7900,109.4800,84.3800
2017-07-28,246.9100,120.6900,109.7000,84.1500
2017-07-31,246.7700,120.7500,109.6500,84.2600
2017-08-01,247.3200,120.6500,109.7200,84.6400
2017-08-02,247.4400,120.4000,109.6400,83.8700
2017-08-03,246.9600,120.5900,109.8600,83.7000
2017-08-04,247.4100,119.6500,109.6800,83.9800
2017-08-07,247.8700,119.5100,109.6700,83.8900
2017-08-08,247.2600,119.8600,109.5700,83.4900
2017-08-09,247.2500,121.3100,109.6700,83.2100
2017-08-10,243.7600,122.2100,109.7800,82.6100
2017-08-11,244.1200,122.7900,109.8700,82.1000
2017-08-14,246.5400,121.9200,109.8200,83.4700
2017-08-15,246.5100,120.9800,109.6600,83.2200
2017-08-16,246.9400,121.8700,109.8600,83.5500
2017-08-17,243.0900,122.4900,110.0200,83.0300
2017-08-18,242.7100,122.3000,109.9500,82.1900
2017-08-21,242.9000,122.7600,110.0300,83.0700
2017-08-22,245.4400,122.2100,109.9300,82.8300
2017-08-23,244.5600,122.6700,110.1800,83.6800
2017-08-24,243.9900,122.2900,110.0400,83.4200
2017-08-25,244.5600,122.7400,110.1200,83.8200
2017-08-28,244.5700,124.6900,110.1600,83.1800
2017-08-29,244.8500,124.4200,110.3200,83.0900
2017-08-30,246.0100,124.3600,110.3000,83.5600
2017-08-31,247.4900,125.8200,110.4500,84.0400
2017-09-01,247.8400,126.0600,109.9700,84.3300
2017-09-05,246.0600,127.4600,110.4200,84.1000
2017-09-06,246.9000,126.8100,110.3000,84.3200
2017-09-07,246.8700,128.1300,110.5700,84.8600
2017-09-08,246.5800,127.9700,110.4400,84.9300
2017-09-11,249.2100,126.1900,110.1400,85.7100
2017-09-12,250.0500,126.5600,109.9800,84.7000
2017-09-13,250.1700,125.6100,109.8700,84.4800
2017-09-14,250.0900,126.1600,109.9300,85.1800
2017-09-15,249.1900,125.5300,109.9100,85.3400
2017-09-18,249.7200,124.3600,109.8600,84.8800
2017-09-19,249.9700,124.6200,109.8000,84.3200
2017-09-20,250.0600,123.6200,109.7100,84.0900
2017-09-21,249.3900,122.6800,109.6900,83.9300
2017-09-22,249.4400,123.2400,109.7700,82.4900
2017-09-25,248.9300,124.5300,110.0300,82.9700
2017-09-26,249.0800,123.1400,109.9900,83.1100
2017-09-27,250.0500,121.9800,109.6700,82.3600
2017-09-28,250.3500,122.2100,109.6800,82.9200
2017-09-29,251.2300,121.5800,109.5900,83.0900
2017-10-02,252.3200,120.7700,109.4300,82.9700
2017-10-03,252.8600,120.8300,109.5200,82.8500
2017-10-04,253.1600,121.1700,109.4900,83.2700
2017-10-05,254.6600,120.5200,109.4400,83.5700
2017-10-06,254.3700,121.0900,109.2800,83.3000
2017-10-09,253.9500,122.0800,109.4300,83.5000
2017-10-10,254.6200,122.4000,109.4400,83.7500
2017-10-11,255.0200,122.7900,109.4600,84.0300
2017-10-12,254.6400,122.8900,109.5900,84.5700
2017-10-13,254.9500,123.8200,109.8600,84.7900
2017-10-16,255.2900,122.9700,109.7500,84.3700
2017-10-17,255.4700,122.1300,109.7100,84.4700
2017-10-18,255.7200,121.6700,109.5400,84.3800
2017-10-19,255.7900,122.3900,109.6200,84.1300
2017-10-20,257.1100,121.6100,109.3000,83.6500
2017-10-23,256.1100,121.8000,109.4200,83.3300
2017-10-24,256.5600,121.3300,109.1900,82.8300
2017-10-25,255.2900,121.3500,109.1200,82.5900
2017-10-26,255.6200,120.3300,109.0000,81.9100
2017-10-27,257.7100,120.9000,109.2400,82.2800
2017-10-30,256.7500,121.1300,109.5400,82.2100
2017-10-31,257.1500,120.6700,109.4700,82.2000
2017-11-01,257.4900,121.1100,109.2900,82.6000
2017-11-02,257.5900,121.1900,109.3500,83.3000
2017-11-03,258.4500,120.6200,109.4500,83.0900
2017-11-06,258.8500,121.6500,109.5500,83.6500
2017-11-07,258.6700,121.2100,109.5800,84.3300
2017-11-08,259.1100,121.6300,109.5100,84.7500
2017-11-09,258.1700,122.1300,109.4300,84.8400
2017-11-10,258.0900,121.1300,108.9900,84.9300
2017-11-13,258.3300,121.3100,108.9900,85.3600
2017-11-14,257.7300,121.5600,109.1000,85.1800
2017-11-15,256.4400,121.4100,109.3100,84.3200
2017-11-16,258.6200,121.4000,109.1900,85.0200
2017-11-17,257.8600,122.8600,109.3100,84.6500
2017-11-20,258.3000,121.3100,109.2500,84.4000
2017-11-21,259.9900,121.5100,109.3600,85.0300
2017-11-22,259.7600,122.6300,109.5500,84.8400
2017-11-24,260.3600,122.3200,109.5300,84.9500
2017-11-27,260.2300,122.8300,109.5300,84.5500
2017-11-28,262.8700,122.8100,109.5300,84.2300
2017-11-29,262.7100,122.0400,109.2600,84.2600
2017-11-30,265.0100,121.1000,109.0800,84.3900
2017-12-01,264.4600,121.5900,109.1600,84.5900
2017-12-04,264.1400,121.1800,109.1500,84.1700
2017-12-05,263.1900,120.3200,109.2600,83.4700
2017-12-06,263.2400,120.0700,109.3700,83.3900
2017-12-07,264.0700,118.4900,109.2300,83.6000
2017-12-08,265.5100,118.4800,109.1900,84.0300
2017-12-11,266.3100,118.0100,109.1500,84.0200
2017-12-12,266.7800,118.1500,109.1000,84.4300
2017-12-13,266.7500,119.1700,109.4100,84.5700
2017-12-14,265.6600,118.9300,109.4400,84.5500
2017-12-15,266.5100,119.1800,109.4700,85.0800
2017-12-18,268.2000,119.7300,109.3300,85.6400
2017-12-19,267.1700,119.8200,109.0100,83.8200
2017-12-20,267.0300,120.1400,108.7600,82.8500
2017-12-21,267.5800,120.3100,108.8200,81.2700
2017-12-22,267.5100,120.9400,108.8700,81.8300
2017-12-26,267.1900,121.7700,108.9600,82.2400
2017-12-27,267.3200,122.2300,109.3000,82.5100
2017-12-28,267.8700,122.8500,109.2200,82.9500
2017-12-29,266.8600,123.6500,109.3300,82.9800
2018-01-02,268.7700,125.1500,109.1700,82.6700
2018-01-03,270.4700,124.8200,109.1800,82.4300
2018-01-04,271.6100,125.4600,109.1100,81.0100
2018-01-05,273.4200,125.3300,109.0400,81.0500
2018-01-08,273.9200,125.3100,109.0100,81.4700
2018-01-09,274.5400,124.7300,108.7100,80.4200
2018-01-10,274.1200,125.0300,108.7100,79.5200
2018-01-11,276.1200,125.4400,108.7600,79.2500
2018-01-12,277.9200,126.9600,108.7400,78.6100
2018-01-16,276.9700,127.1700,108.7700,78.7600
2018-01-17,279.6100,126.1400,108.6500,79.3100
2018-01-18,279.1400,125.8600,108.4100,78.2900
2018-01-19,280.4100,126.4200,108.1800,78.7100
2018-01-22,282.6900,126.6500,108.1400,79.4300
2018-01-23,283.2900,127.2800,108.4000,80.5300
2018-01-24,283.1800,128.8300,108.2900,80.1100
2018-01-25,283.3000,127.9700,108.5700,79.9700
2018-01-26,286.5800,128.0700,108.3700,79.6900
2018-01-29,284.6800,127.3500,108.1800,78.6200
2018-01-30,281.7600,126.8000,108.0100,78.0500
2018-01-31,281.9000,127.6500,108.1000,79.4500
2018-02-01,281.5800,128.0700,107.5200,77.7400
2018-02-02,275.4500,126.3900,107.2000,77.0800
2018-02-05,263.9300,126.7100,107.6300,74.7900
2018-02-06,269.1300,125.3800,107.3200,74.8000
2018-02-07,267.6700,124.7900,107.0800,74.4800
2018-02-08,257.6300,124.9800,106.9000,72.3400
2018-02-09,261.5000,124.7700,106.7600,74.1500
2018-02-12,265.3400,125.3700,106.7900,74.1800
2018-02-13,266.0000,126.0800,106.8200,74.7000
2018-02-14,269.5900,128.2300,106.4600,74.1600
2018-02-15,273.0300,128.3800,106.5900,74.8800
2018-02-16,273.1100,127.9600,106.8000,75.2900
2018-02-20,271.4000,126.2400,106.6900,74.4000
2018-02-21,270.0500,125.6600,106.3500,72.9300
2018-02-22,270.4000,126.3000,106.3600,73.7600
2018-02-23,274.7100,126.1400,106.6300,74.9400
2018-02-26,277.9000,126.4500,106.7100,75.1500
2018-02-27,274.4300,125.1300,106.4800,73.4000
2018-02-28,271.6500,125.0000,106.7700,73.3500
2018-03-01,267.7000,124.7200,106.6300,73.4200
2018-03-02,269.0800,125.3900,106.4600,73.3900
2018-03-05,272.1900,125.1800,106.4000,74.2200
2018-03-06,272.8800,126.5300,106.4200,74.5700
2018-03-07,272.7800,125.7200,106.4000,75.0300
2018-03-08,274.1000,125.4200,106.5700,75.1700
2018-03-09,278.8700,125.5400,106.3700,75.5800
2018-03-12,278.5200,125.5400,106.4300,75.9100
2018-03-13,276.7200,125.7800,106.5700,75.9800
2018-03-14,275.3000,125.7000,106.7500,76.0500
2018-03-15,275.0000,124.9000,106.7600,76.0300
2018-03-16,274.2000,124.6000,106.7000,76.5600
2018-03-19,270.4900,124.8700,106.5900,75.9000
2018-03-20,270.9500,124.3100,106.4200,75.6400
2018-03-21,270.4300,126.4800,106.4100,75.0800
2018-03-22,263.6700,125.9800,106.6100,74.6400
2018-03-23,258.0500,127.6100,106.6100,73.3100
2018-03-26,265.1100,128.2800,106.5700,73.4300
2018-03-27,260.6000,127.4900,106.8800,73.7100
2018-03-28,259.8300,125.7300,106.9400,75.5600
2018-03-29,263.1500,125.7900,107.2500,75.4700
2018-04-02,257.4700,127.2600,106.9000,74.4500
2018-04-03,260.7700,126.3000,106.7800,75.0800
2018-04-04,263.5600,126.4500,106.8200,75.8700
2018-04-05,265.6400,125.8000,106.6700,75.8400
2018-04-06,259.7200,126.3900,106.9100,75.2700
2018-04-09,261.0000,126.8200,107.0000,75.0300
2018-04-10,265.1500,127.1200,106.9200,74.9500
2018-04-11,263.7600,128.1100,107.0100,75.1100
2018-04-12,265.9300,126.6200,106.7700,74.2700
2018-04-13,265.1500,127.4500,106.8000,74.6600
2018-04-16,267.3300,127.6300,106.8200,75.1200
2018-04-17,270.1900,127.7500,106.8500,76.0000
2018-04-18,270.3900,127.8500,106.5500,75.8400
2018-04-19,268.8900,127.6000,106.2900,74.7400
2018-04-20,266.6100,126.6300,106.0000,74.0500
2018-04-23,266.5700,125.6200,105.9500,73.9900
2018-04-24,262.9800,126.2300,105.8100,74.2700
2018-04-25,263.6300,125.4100,105.6700,74.1300
2018-04-26,266.3100,124.9700,105.8500,75.1000
2018-04-27,266.5600,125.5000,105.9800,76.3900
2018-04-30,264.5100,124.5900,106.0000,76.0900
2018-05-01,264.9800,123.7100,105.6700,76.7800
2018-05-02,263.2000,123.6500,105.6700,76.5000
2018-05-03,262.6200,124.2800,105.7900,76.4500
2018-05-04,266.0200,124.5400,105.8600,77.2900
2018-05-07,266.9200,124.5700,105.8100,77.8100
2018-05-08,266.9200,124.5900,105.6900,77.4200
2018-05-09,269.5000,124.3300,105.5700,77.9400
2018-05-10,272.0200,125.1800,105.8100,78.5500
2018-05-11,272.8500,125.0000,105.8600,78.2800
2018-05-14,272.9800,124.4900,105.7600,77.6100
2018-05-15,271.1000,122.4800,105.2900,76.3500
2018-05-16,272.2400,122.2900,105.1700,76.1200
2018-05-17,272.0100,122.3600,105.0300,75.7400
2018-05-18,271.3300,122.4100,105.3000,75.8400
2018-05-21,273.3700,122.4800,105.3100,76.7400
2018-05-22,272.6100,122.4100,105.3100,76.8500
2018-05-23,273.3600,122.5400,105.6000,77.6200
2018-05-24,272.8000,123.5900,105.8900,77.4600
2018-05-25,272.1500,123.2100,106.1200,77.7300
2018-05-29,269.0200,123.1900,106.8200,78.1000
2018-05-30,272.6100,123.3700,106.5500,79.1600
2018-05-31,270.9400,123.1000,106.4600,78.8900
2018-06-01,273.6000,122.4900,106.0800,79.2400
2018-06-04,274.9000,122.3700,105.8300,79.9300
2018-06-05,275.1000,122.8500,105.9100,79.7200
2018-06-06,277.4000,122.9200,105.6700,79.9100
2018-06-07,277.3700,122.8600,105.9000,79.9100
2018-06-08,278.1900,123.0100,105.7500,80.2000
2018-06-11,278.5600,123.2300,105.6400,80.0800
2018-06-12,278.9200,122.8200,105.6700,80.5600
2018-06-13,278.0300,123.1900,105.5700,78.9900
2018-06-14,278.7300,123.3800,105.8400,79.7400
2018-06-15,277.1300,121.3400,105.8800,79.6900
2018-06-18,276.5600,121.1100,105.9000,78.9800
2018-06-19,275.5000,120.8000,106.0100,78.9000
2018-06-20,275.9700,120.2600,105.8100,79.7800
2018-06-21,274.2400,120.0500,105.8400,80.1600
2018-06-22,274.7400,120.3400,105.9400,80.7900
2018-06-25,271.0000,119.8900,105.8800,80.5800
2018-06-26,271.6000,119.2600,106.0500,80.8400
2018-06-27,269.3500,118.5800,106.2400,80.5300
2018-06-28,270.8900,118.2200,106.2300,81.2500
2018-06-29,271.2800,118.6500,106.3200,81.4500
2018-07-02,271.8600,117.4600,105.9900,81.0000
2018-07-03,270.9000,118.6500,106.2100,81.6100
2018-07-05,273.1100,119.0500,106.3100,82.5800
2018-07-06,275.4200,118.8600,106.4200,83.0200
2018-07-09,277.9000,119.1500,106.3200,82.3600
2018-07-10,278.9000,118.9300,106.2400,82.5300
2018-07-11,276.8600,117.6400,106.2800,82.2600
2018-07-12,279.3700,118.1300,106.4100,82.5100
2018-07-13,279.5900,117.6100,106.5100,82.2600
2018-07-16,279.3400,117.5500,106.3900,81.8200
2018-07-17,280.4700,116.2800,106.3500,81.2800
2018-07-18,281.0600,116.3100,106.3200,80.9200
2018-07-19,280.0000,115.8100,106.4800,81.8700
2018-07-20,279.6800,116.5600,106.2700,81.0800
2018-07-23,280.2000,116.0000,105.9000,80.9100
2018-07-24,281.6100,116.0400,106.0500,80.5000
2018-07-25,284.0100,116.6800,106.0600,81.1400
2018-07-26,283.3400,115.7700,106.0000,81.4100
2018-07-27,281.4200,115.8300,106.0800,80.5400
2018-07-30,279.9500,115.6500,105.9700,80.5900
2018-07-31,281.3300,115.9900,106.0600,81.9400
2018-08-01,280.8600,115.1400,105.7000,82.5200
2018-08-02,282.3900,114.5200,105.7400,82.1900
2018-08-03,283.6000,114.9200,105.9700,83.0800
2018-08-06,284.6400,114.3300,106.0400,82.9700
2018-08-07,285.5800,114.5900,105.8500,82.8200
2018-08-08,285.4600,114.9100,105.8500,82.3400
2018-08-09,285.0700,114.7400,106.0000,82.3800
2018-08-10,283.1600,114.6900,106.2300,81.7500
2018-08-13,282.1000,112.9600,106.2900,81.5900
2018-08-14,283.9000,113.0700,106.1900,81.9900
2018-08-15,281.7800,111.1900,106.3400,82.6200
2018-08-16,284.0600,111.1000,106.4000,83.2900
2018-08-17,285.0600,112.1300,106.4600,84.0600
2018-08-20,285.6700,112.6900,106.6700,84.1200
2018-08-21,286.3400,113.0200,106.5800,83.6100
2018-08-22,286.1700,113.2700,106.6700,83.1400
2018-08-23,285.7900,112.2000,106.6100,82.9300
2018-08-24,287.5100,114.1600,106.7300,83.4200
2018-08-27,289.7800,114.5900,106.5900,83.1200
2018-08-28,289.9200,113.6800,106.3900,84.2400
2018-08-29,291.4800,114.2000,106.3700,84.2600
2018-08-30,290.3000,113.6400,106.4200,83.7200
2018-08-31,290.3100,113.5100,106.4100,84.0500
2018-09-04,289.8100,112.9300,106.0600,83.0500
2018-09-05,289.0300,113.3200,106.0100,83.5300
2018-09-06,288.1600,113.5400,106.1900,83.7700
2018-09-07,287.6000,113.2300,105.8100,82.8600
2018-09-10,288.1000,113.1500,105.9100,83.2300
2018-09-11,289.0500,113.2200,105.7300,83.2200
2018-09-12,289.1200,114.1700,105.8000,83.2600
2018-09-13,290.8300,113.7600,105.8700,83.6700
2018-09-14,290.8800,113.0200,105.6700,83.1400
2018-09-17,289.3400,113.6100,105.6700,83.4100
2018-09-18,290.9100,113.4400,105.4400,83.0100
2018-09-19,291.2200,113.8800,105.2400,82.0400
2018-09-20,293.5800,114.2700,105.3800,82.8100
2018-09-21,291.9900,113.4900,105.4600,82.7800
2018-09-24,291.0200,113.4700,105.3600,80.1700
2018-09-25,290.7500,113.6500,105.3100,80.1800
2018-09-26,289.8800,113.0500,105.5600,79.2200
2018-09-27,290.6900,112.0500,105.6300,79.6000
2018-09-28,290.7200,112.7600,105.5200,80.6800
2018-10-01,291.7300,112.5700,105.2400,79.9300
2018-10-02,291.5600,113.8700,105.3600,79.7500
2018-10-03,291.7200,113.4200,104.8600,78.9000
2018-10-04,289.4400,113.4800,104.5600,78.2400
2018-10-05,287.8200,113.8000,104.3300,78.2000
2018-10-08,287.8200,112.5400,104.2900,79.3300
2018-10-09,287.4000,112.6000,104.4400,79.4400
2018-10-10,278.3000,112.8800,104.4100,78.2600
2018-10-11,272.1700,115.7800,104.7200,76.0200
2018-10-12,275.9500,115.2300,104.7500,75.8200
2018-10-15,274.4000,116.0000,104.6800,76.3300
2018-10-16,280.4000,115.8000,104.7400,77.9000
2018-10-17,280.4500,115.7900,104.5300,77.6000
2018-10-18,276.4000,115.9200,104.4600,77.4500
2018-10-19,276.2500,116.0100,104.3700,78.1200
2018-10-22,275.0100,115.7100,104.3500,77.0300
2018-10-23,273.6100,116.3900,104.4800,77.3700
2018-10-24,265.3200,116.6600,104.7500,78.1000
2018-10-25,270.0800,116.4000,104.6600,79.1000
2018-10-26,265.3300,116.7700,104.9000,77.2000
2018-10-29,263.8600,116.3100,104.7900,78.1800
2018-10-30,267.7700,115.8000,104.6400,79.2500
2018-10-31,270.6300,115.1500,104.5900,78.3200
2018-11-01,273.5100,116.6300,104.3400,78.6900
2018-11-02,271.8900,116.6500,104.0300,78.0400
2018-11-05,273.3900,116.3700,104.1000,79.2000
2018-11-06,275.1200,116.0400,104.1100,79.6000
2018-11-07,281.0100,116.0300,104.2000,80.5500
2018-11-08,280.5000,115.7800,104.0100,80.6100
2018-11-09,277.7600,114.4800,104.1400,80.6000
2018-11-12,272.5700,113.6600,104.3100,80.7600
2018-11-13,272.0600,113.7000,104.3500,80.6800
2018-11-14,270.2000,114.6400,104.3600,80.4800
2018-11-15,273.0200,114.7700,104.4900,79.9300
2018-11-16,273.7300,115.6200,104.6600,80.7900
2018-11-19,269.1000,115.6700,104.6500,80.9000
2018-11-20,264.1200,115.6700,104.6100,80.0700
2018-11-21,265.0200,115.8600,104.6800,80.1400
2018-11-23,263.2500,115.7700,104.6500,79.9800
2018-11-26,267.5000,115.6400,104.6300,80.1300
2018-11-27,268.4000,114.9500,104.6600,80.4700
2018-11-28,274.5800,115.3800,104.8600,81.1900
2018-11-29,273.9800,115.7400,104.9100,81.2100
2018-11-30,275.6500,115.5400,104.8800,81.9800
2018-12-03,279.3000,116.4100,104.8000,82.4200
2018-12-04,270.2500,117.1200,105.0800,81.2000
2018-12-06,269.8400,117.1400,105.3400,83.2100
2018-12-07,263.5700,118.0900,105.4800,82.1200
2018-12-10,264.0700,117.6800,105.5500,81.5900
2018-12-11,264.1300,117.5400,105.5800,81.6300
2018-12-12,265.4600,117.7900,105.5000,80.3700
2018-12-13,265.3700,117.5300,105.5300,79.8800
2018-12-14,260.4700,117.0600,105.5600,79.6500
2018-12-17,255.3600,117.8700,105.7400,76.6500
2018-12-18,255.0800,118.1500,105.8400,77.4400
2018-12-19,251.2600,117.4300,105.9400,76.5900
2018-12-20,247.1700,119.2400,105.8400,75.4400
2018-12-21,240.7000,118.7200,105.7900,74.3900
2018-12-24,234.3400,120.0200,105.8600,71.7400
2018-12-26,246.1800,119.6600,105.6600,74.1400
2018-12-27,248.0700,120.5700,105.8300,74.1300
2018-12-28,247.7500,121.0600,106.2200,74.3700
2018-12-31,249.9200,121.2500,106.4900,74.5700
2019-01-02,250.1800,121.3300,106.5700,72.9500
2019-01-03,244.2100,122.4300,107.0100,73.4600
2019-01-04,252.3900,121.4400,106.6900,74.3200
2019-01-07,254.3800,121.8600,106.5100,75.0500
2019-01-08,256.7700,121.5300,106.4300,76.6000
2019-01-09,257.9700,122.3100,106.5200,76.4900
2019-01-10,258.8800,121.5900,106.4000,77.5300
2019-01-11,258.9800,121.8000,106.5500,77.7500
2019-01-14,257.4000,122.0900,106.4000,77.4900
2019-01-15,260.3500,121.8800,106.4200,78.2300
2019-01-16,260.9800,122.2700,106.5100,78.7800
2019-01-17,262.9600,122.1100,106.4300,79.1600
2019-01-18,266.4600,121.0200,106.3500,79.4300
2019-01-22,262.8600,121.4500,106.4400,79.1900
2019-01-23,263.4100,121.2800,106.5500,79.2000
2019-01-24,263.5500,121.0900,106.7300,79.4700
2019-01-25,265.7800,122.8600,106.6800,80.4600
2019-01-28,263.7600,123.2900,106.6200,81.2500
2019-01-29,263.4100,123.9800,106.9000,81.8900
2019-01-30,267.5800,124.6900,107.1400,82.5500
2019-01-31,269.9300,124.7500,107.4600,83.4100
2019-02-01,270.0600,124.5000,106.9700,82.8800
2019-02-04,271.9600,123.9600,106.8800,83.5000
2019-02-05,273.1000,124.2800,107.1100,83.9800
2019-02-06,272.7400,123.4400,107.0500,83.4300
2019-02-07,270.1400,123.7400,107.1000,84.1200
2019-02-08,270.4700,124.2100,107.3400,84.1200
2019-02-11,270.6200,123.6000,107.2300,84.3500
2019-02-12,274.1000,123.8600,107.2500,83.8200
2019-02-13,274.9900,123.3700,107.0600,84.2500
2019-02-14,274.3800,124.0600,107.2200,84.5200
2019-02-15,277.3700,124.8000,107.3000,85.0900
2019-02-19,277.8500,126.7000,107.3600,85.0700
2019-02-20,278.4100,126.4800,107.3700,84.5400
2019-02-21,277.4200,125.0500,107.1300,84.6200
2019-02-22,279.1400,125.5000,107.4000,85.1200
2019-02-25,279.5200,125.3700,107.3700,84.4500
2019-02-26,279.3200,125.5800,107.4900,84.1900
2019-02-27,279.2000,124.6900,107.2600,83.7700
2019-02-28,278.6800,123.9900,107.0700,83.9900
2019-03-01,280.4200,121.8800,106.6300,83.7300
2019-03-04,279.4000,121.5600,106.7600,84.1100
2019-03-05,279.0200,121.7200,106.8300,84.3400
2019-03-06,277.3300,121.6100,106.9900,83.9500
2019-03-07,275.0100,121.5100,107.2900,83.7700
2019-03-08,274.4600,122.8400,107.4300,83.8600
2019-03-11,278.4400,122.2400,107.4400,85.0900
2019-03-12,279.4900,122.9800,107.6400,85.4800
2019-03-13,281.3400,123.8400,107.5900,85.9000
2019-03-14,281.1600,122.4100,107.4300,86.0300
2019-03-15,281.3100,122.9700,107.7000,85.7600
2019-03-18,282.3300,123.0400,107.6800,85.3300
2019-03-19,282.4000,123.3800,107.6200,85.0700
2019-03-20,281.5500,124.1800,108.0600,85.3300
2019-03-21,284.7300,123.6800,108.0800,86.8500
2019-03-22,279.2500,123.9700,108.6200,86.2200
2019-03-25,279.0400,124.9200,108.8200,86.3300
2019-03-26,281.1200,124.3000,108.8400,87.0200
2019-03-27,279.6500,123.6500,109.0700,86.7700
2019-03-28,280.7100,121.9000,109.0800,86.9900
2019-03-29,282.4800,122.0100,109.0700,86.9100
2019-04-01,285.8300,121.5300,108.3100,86.8600
2019-04-02,285.9700,121.9800,108.4300,87.4700
2019-04-03,286.4200,121.8000,108.2300,87.3700
2019-04-04,287.1800,122.1100,108.3100,87.2300
2019-04-05,288.5700,121.9800,108.3900,87.8400
2019-04-08,288.7900,122.5100,108.3400,87.3500
2019-04-09,287.3100,123.1500,108.4000,86.8900
2019-04-10,288.2900,123.5300,108.6100,87.6900
2019-04-11,288.2100,121.9500,108.4800,87.6300
2019-04-12,290.1600,121.8300,108.2700,88.0500
2019-04-15,289.9700,121.6000,108.2500,87.6000
2019-04-16,290.1600,120.5100,108.0600,85.6200
2019-04-17,289.4500,120.2800,108.0500,84.8400
2019-04-18,290.0200,120.3700,108.1900,85.4900
2019-04-22,290.2700,120.3700,108.0600,84.5500
2019-04-23,292.8800,120.1200,108.2500,85.6700
2019-04-24,292.2300,120.4700,108.5000,86.3000
2019-04-25,292.0500,120.5700,108.4900,86.1200
2019-04-26,293.4100,121.3700,108.7100,86.8000
2019-04-29,293.8700,120.8300,108.5200,85.9500
2019-04-30,294.0200,121.2000,108.5900,86.7700
2019-05-01,291.8100,120.4000,108.4000,86.8400
2019-05-02,291.1800,119.9400,108.1600,86.9300
2019-05-03,294.0300,120.6500,108.3400,87.6700
2019-05-06,292.8200,120.8100,108.4800,87.3900
2019-05-07,287.9300,121.2100,108.6100,85.8100
2019-05-08,287.5300,120.9100,108.5900,85.7200
2019-05-09,286.6600,121.2000,108.6500,85.9400
2019-05-10,288.1000,121.4300,108.6700,86.8600
2019-05-13,280.8600,122.6700,108.8500,86.7700
2019-05-14,283.4000,122.4600,108.9400,87.0900
2019-05-15,285.0600,122.3900,109.1300,87.6800
2019-05-16,287.7000,121.5100,109.0000,88.0300
2019-05-17,285.8400,120.6500,109.0300,87.8600
2019-05-20,283.9500,120.6400,108.8800,86.5900
2019-05-21,286.5100,120.3600,108.8700,87.3300
2019-05-22,285.6300,120.2400,109.0500,87.5900
2019-05-23,282.1400,121.1700,109.3700,87.7900
2019-05-24,282.7800,121.3000,109.4100,88.0600
2019-05-28,280.1500,120.8300,109.5700,87.1900
2019-05-29,278.2700,120.8700,109.6000,86.0300
2019-05-30,279.0300,121.6900,109.8900,86.3900
2019-05-31,275.2700,123.3300,110.4000,86.8900
2019-06-03,274.5700,125.1100,110.4000,87.1000
2019-06-04,280.5300,125.1500,110.3000,86.7100
2019-06-05,282.9600,125.4700,110.2400,88.5200
2019-06-06,284.8000,125.8800,110.2200,88.6900
2019-06-07,287.6500,126.5900,110.5300,89.0200
2019-06-10,288.9700,125.3300,110.2400,88.7300
2019-06-11,288.9000,125.1800,110.2200,88.9700
2019-06-12,288.3900,125.8300,110.3600,89.2700
2019-06-13,289.5800,126.6000,110.6000,89.6500
2019-06-14,289.2600,126.5600,110.5700,89.7000
2019-06-17,289.3700,126.4800,110.5400,90.6600
2019-06-18,292.4000,127.1200,110.8400,90.5700
2019-06-19,293.0600,127.8900,111.2200,91.0600
2019-06-20,295.8600,131.1100,111.4100,91.5200
2019-06-21,294.0000,131.9800,111.1200,90.2300
2019-06-24,293.6400,133.9400,111.3200,89.9200
2019-06-25,290.7600,134.2000,111.3400,88.5900
2019-06-26,290.4700,132.9700,111.0900,86.8200
2019-06-27,291.5000,132.8400,111.4000,87.1000
2019-06-28,293.0000,133.2000,111.3500,87.4000
2019-07-01,295.6600,130.6200,111.1800,87.3600
2019-07-02,296.4300,133.4100,111.3800,88.8800
2019-07-03,298.8000,133.6300,111.5600,89.9400
2019-07-05,298.4600,132.1400,111.0900,89.6200
2019-07-08,296.8200,131.2900,111.0300,89.9400
2019-07-09,297.1900,131.7500,111.0000,90.2400
2019-07-10,298.6100,133.8300,111.0800,90.7600
2019-07-11,299.3100,132.7000,110.6700,89.5800
2019-07-12,300.6500,133.5300,110.7900,89.4600
2019-07-15,300.7500,133.5300,110.9500,89.3900
2019-07-16,299.7800,132.4000,110.8300,89.1800
2019-07-17,297.7400,134.5800,111.1200,88.8800
2019-07-18,298.8300,136.4800,111.3000,88.8800
2019-07-19,297.1700,134.4700,111.1700,87.4300
2019-07-22,297.9000,134.4500,111.3100,87.3500
2019-07-23,300.0300,133.6900,111.2000,88.3400
2019-07-24,301.4400,134.3700,111.3600,88.4100
2019-07-25,300.0000,133.4200,111.1900,87.8900
2019-07-26,302.0100,133.6400,111.2100,88.2900
2019-07-29,301.4600,134.5300,111.2600,88.5300
2019-07-30,300.7200,134.9800,111.2500,89.2400
2019-07-31,297.4300,133.2100,111.3000,88.8900
2019-08-01,294.8400,136.4100,111.9100,88.8900
2019-08-02,292.6200,135.8900,111.9500,89.3200
2019-08-05,283.8200,137.7900,112.4400,87.5600
2019-08-06,287.8000,138.9100,112.7400,88.5300
2019-08-07,287.9700,141.0200,112.6800,89.3900
2019-08-08,293.6200,141.7300,112.7900,90.9600
2019-08-09,291.6200,141.2600,112.6400,90.8500
2019-08-12,288.0700,142.6300,113.0500,90.6100
2019-08-13,292.5500,141.7800,112.8900,90.7400
2019-08-14,283.9000,142.7500,113.2400,89.3600
2019-08-15,284.6500,143.7000,113.7600,90.2500
2019-08-16,288.8500,142.7800,113.6700,91.1800
2019-08-19,292.3300,141.1100,113.3700,91.8400
2019-08-20,290.0900,142.2100,113.6800,91.1900
2019-08-21,292.4500,141.7600,113.6200,91.5700
2019-08-22,292.3600,141.4000,113.3200,91.9900
2019-08-23,284.8500,144.1700,113.7800,90.7000
2019-08-26,288.0000,144.1900,113.7300,91.4000
2019-08-27,286.8700,145.5700,114.0900,91.1400
2019-08-28,288.8900,145.1600,114.1000,91.4400
2019-08-29,292.5800,144.1200,114.0300,92.1500
2019-08-30,292.4500,143.7500,114.1300,92.2200
2019-09-03,290.7400,145.7500,113.8400,93.1400
2019-09-04,294.0400,146.6600,114.0400,93.9200
2019-09-05,297.8200,143.1400,113.5500,93.2400
2019-09-06,298.0500,141.9200,113.6700,93.4500
2019-09-09,298.2000,141.3900,113.1900,93.0000
2019-09-10,298.1300,140.1800,112.5800,92.0400
2019-09-11,300.2500,141.0300,112.6000,92.1400
2019-09-12,301.2900,141.3200,112.4200,92.6300
2019-09-13,301.0900,140.1500,111.7500,91.6400
2019-09-16,300.1600,141.3200,112.0500,92.4400
2019-09-17,300.9200,141.6000,112.2200,93.4400
2019-09-18,301.1000,140.7100,112.3500,93.1200
2019-09-19,301.0800,141.2800,112.5100,93.4500
2019-09-20,298.2800,142.9500,112.9200,93.4500
2019-09-23,298.2100,143.7500,112.9700,93.6000
2019-09-24,295.8700,144.5100,113.2800,92.6500
2019-09-25,297.6200,141.8300,112.8100,92.8300
2019-09-26,297.0000,141.7900,113.0000,93.6100
2019-09-27,295.4000,141.0600,113.1400,93.0900
2019-09-30,296.7700,138.8700,113.1700,93.2500
2019-10-01,293.2400,139.6300,113.1200,92.3700
2019-10-02,288.0600,141.2600,113.2000,91.9800
2019-10-03,290.4200,141.9000,113.6400,92.8700
2019-10-04,294.3500,141.9000,113.8200,93.4300
2019-10-07,293.0800,140.6900,113.5100,93.2300
2019-10-08,288.5300,141.9200,113.5500,92.7400
2019-10-09,291.2700,142.0500,113.4900,92.9200
2019-10-10,293.2400,140.8100,113.1000,93.0700
2019-10-11,296.2800,140.0300,112.7300,93.0300
2019-10-14,295.9500,140.5900,112.9200,93.0700
2019-10-15,298.8800,139.6100,112.5500,93.1900
2019-10-16,298.4000,140.4100,112.7500,93.2000
2019-10-17,299.2800,140.6100,112.7200,93.8100
2019-10-18,297.9700,140.4600,112.8000,94.5300
2019-10-21,299.9900,139.7900,112.4900,95.2500
2019-10-22,299.0100,140.2000,112.6600,94.9700
2019-10-23,299.8800,140.5300,112.7500,95.1800
2019-10-24,300.3700,141.5300,112.7800,94.9400
2019-10-25,301.6000,141.8600,112.6200,94.1300
2019-10-28,303.3000,140.6400,112.3800,93.5600
2019-10-29,303.2100,140.2500,112.3900,94.1300
2019-10-30,304.1400,141.0200,112.7100,94.4700
2019-10-31,303.3300,142.4300,113.1500,94.3000
2019-11-01,306.1400,142.5600,112.9300,94.2800
2019-11-04,307.3700,142.1500,112.6500,93.6200
2019-11-05,307.0300,139.8500,112.2300,92.0300
2019-11-06,307.1000,140.4500,112.4000,92.2300
2019-11-07,308.1800,138.2700,111.8700,91.3100
2019-11-08,308.9400,137.3900,111.8100,91.0900
2019-11-11,308.3500,137.0600,111.8300,91.2900
2019-11-12,309.0000,137.4300,111.9500,90.6000
2019-11-13,309.1000,137.9800,112.1500,91.4300
2019-11-14,309.5500,138.5600,112.4700,92.1400
2019-11-15,311.7900,138.2100,112.4100,92.6400
2019-11-18,312.0200,138.6200,112.6200,93.0900
2019-11-19,311.9300,138.6900,112.7000,93.2500
2019-11-20,310.7700,138.7600,112.9700,93.2000
2019-11-21,310.2700,138.0000,112.8100,91.8900
2019-11-22,310.9600,137.7400,112.8700,91.5500
2019-11-25,313.3700,137.0800,112.9800,91.8400
2019-11-26,314.0800,137.7400,113.1400,93.0600
2019-11-27,315.4800,137.0100,113.0000,93.5000
2019-11-29,314.3100,137.8600,112.8600,93.0700
2019-12-02,311.6400,137.7900,112.4900,91.6600
2019-12-03,309.5500,139.1100,113.0000,92.2500
2019-12-04,311.4600,138.9200,112.8100,92.6300
2019-12-05,312.0200,139.0000,112.6800,92.6800
2019-12-06,314.8700,137.6200,112.5200,92.8700
2019-12-09,313.8800,137.5800,112.5800,93.0500
2019-12-10,313.5300,137.9700,112.5400,92.5100
2019-12-11,314.4200,138.9200,112.8400,91.5700
2019-12-12,317.1300,138.4300,112.3600,90.3300
2019-12-13,317.3200,139.0500,112.8100,90.3500
2019-12-16,319.5000,139.0400,112.5800,91.0000
2019-12-17,319.5700,139.0100,112.5900,90.1400
2019-12-18,319.5900,139.0200,112.3700,90.2700
2019-12-19,320.9000,139.3800,112.3000,91.0700
2019-12-20,320.7300,139.5200,112.3200,91.5700
2019-12-23,321.2200,139.9500,112.2400,91.1100
2019-12-24,321.2300,141.2700,112.3800,91.3500
2019-12-26,322.9400,142.3800,112.4800,91.7500
2019-12-27,322.8600,142.3300,112.6300,92.0400
2019-12-30,321.0800,142.6300,112.6300,92.1300
2019-12-31,321.8600,142.9000,112.3700,92.7900
2020-01-02,324.8700,143.9500,112.6800,91.7000
2020-01-03,322.4100,145.8600,113.0100,92.2700
2020-01-06,323.6400,147.3900,112.9200,92.3800
2020-01-07,322.7300,147.9700,112.8000,91.3500
2020-01-08,324.4500,146.8600,112.6700,91.6300
2020-01-09,326.6500,146.0300,112.7900,91.5800
2020-01-10,325.7100,146.9100,112.9800,92.2800
2020-01-13,327.9500,145.8200,112.9100,93.3900
2020-01-14,327.4500,145.6900,113.0100,93.0400
2020-01-15,328.1900,146.5400,113.1800,93.8800
2020-01-16,330.9200,146.3100,113.1800,94.6300
2020-01-17,331.9500,146.5800,113.0500,94.7200
2020-01-21,331.3000,146.7400,113.3700,95.6200
2020-01-22,331.3400,146.7900,113.4300,94.9800
2020-01-23,331.7200,147.1200,113.5800,95.7800
2020-01-24,328.7700,147.9800,113.7900,95.4500
2020-01-27,323.5000,148.9900,114.1400,94.9900
2020-01-28,326.8900,147.6600,114.0400,95.3700
2020-01-29,326.6200,148.4600,114.3000,95.0200
2020-01-30,327.6800,148.4700,114.3100,95.0900
2020-01-31,321.7300,149.3300,114.6500,93.9300
2020-02-03,324.1200,148.3600,114.3700,94.2400
2020-02-04,329.0600,146.4300,113.9900,95.2100
2020-02-05,332.8600,146.6100,113.8200,95.2700
2020-02-06,333.9800,147.4000,113.8900,95.5900
2020-02-07,332.2000,147.7900,114.2200,95.5700
2020-02-10,334.6800,148.1700,114.3500,96.6400
2020-02-11,335.2600,147.6600,114.2100,97.3700
2020-02-12,337.4200,147.5400,114.0900,97.9500
2020-02-13,337.0600,148.3800,114.1700,98.5400
2020-02-14,337.6000,149.0000,114.2900,99.5600
2020-02-18,336.7300,150.9100,114.4400,99.4500
2020-02-19,338.3400,151.7900,114.4100,98.1100
2020-02-20,336.9500,152.4100,114.6700,99.2800
2020-02-21,333.4800,154.7000,114.9000,99.5700
2020-02-24,322.4200,156.0900,115.2700,98.2100
2020-02-25,312.6500,153.3000,115.4700,95.5500
2020-02-26,311.5000,153.9700,115.3500,94.5200
2020-02-27,297.5100,154.0000,115.3700,89.4900
2020-02-28,296.2600,148.3800,116.2200,87.3300
2020-03-02,309.0900,149.2000,115.9400,91.0600
2020-03-03,300.2400,153.8900,116.7300,90.8500
2020-03-04,312.8600,154.1600,116.6400,94.2800
2020-03-05,302.4600,157.4900,117.0000,92.2600
2020-03-06,297.4600,157.5500,117.8600,90.6700
2020-03-09,274.2300,157.8100,117.7100,83.6800
2020-03-10,288.4200,154.4800,116.3800,86.5400
2020-03-11,274.3600,153.9300,114.7200,81.3400
2020-03-12,248.1100,147.7900,110.1300,73.1000
2020-03-13,269.3200,143.2800,111.8600,79.4800
2020-03-16,239.8500,141.6400,113.7300,65.3900
2020-03-17,252.8000,143.5600,110.7900,69.1700
2020-03-18,240.0000,140.7000,106.5700,62.5900
2020-03-19,240.5100,138.0400,108.9500,62.8100
2020-03-20,228.8000,140.1100,110.0300,59.6800
2020-03-23,222.9500,146.3000,112.6400,56.9100
2020-03-24,243.1500,153.4000,113.5700,62.0300
2020-03-25,246.7900,151.3000,114.7300,65.3700
2020-03-26,261.2000,153.2400,115.0800,69.9800
2020-03-27,253.4200,152.2500,115.5700,70.0500
2020-03-30,261.6500,152.9200,115.6800,71.5800
2020-03-31,257.7500,148.0500,115.3700,69.8500
2020-04-01,246.1500,149.4500,114.7300,65.2600
2020-04-02,251.8300,151.9000,114.9000,65.4800
2020-04-03,248.1900,152.6500,114.9800,64.5300
2020-04-06,264.8600,156.8800,115.5400,69.3100
2020-04-07,265.1300,156.0400,115.7000,69.9500
2020-04-08,274.0300,154.6500,115.8100,74.7200
2020-04-09,278.2000,158.6900,117.2500,78.9100
2020-04-13,275.6600,161.4100,116.7000,75.5900
2020-04-14,283.7900,162.6800,116.7600,77.7100
2020-04-15,277.7600,161.8500,117.2400,74.6300
2020-04-16,279.1000,161.7100,117.3900,73.7800
2020-04-17,286.6400,158.5700,117.2500,76.1100
2020-04-20,281.5900,159.7000,117.0800,73.2800
2020-04-21,273.0400,158.6100,117.1400,71.9500
2020-04-22,279.1000,161.7300,117.1400,73.0500
2020-04-23,279.0800,163.3400,117.4200,72.4400
2020-04-24,282.9700,162.6400,117.3600,72.7500
2020-04-27,287.0500,161.5600,116.8200,75.2400
2020-04-28,285.7300,160.8400,117.2800,75.8600
2020-04-29,293.2100,161.7300,117.3600,77.0000
2020-04-30,290.4800,158.8000,117.1000,76.1100
2020-05-01,282.7900,159.7800,116.8700,73.5400
2020-05-04,283.5700,160.3400,116.9700,73.1800
2020-05-05,286.1900,161.0200,116.8800,73.5400
2020-05-06,284.2500,158.9500,116.4100,72.2200
2020-05-07,287.6800,161.3900,116.7700,73.2500
2020-05-08,292.4400,160.4200,116.4600,74.9900
2020-05-11,292.5000,159.4200,116.1100,73.9000
2020-05-12,286.6700,160.0400,116.4100,70.5400
2020-05-13,281.6000,161.5800,116.6000,68.8300
2020-05-14,284.9700,163.0100,116.9600,69.0700
2020-05-15,286.2800,163.9300,117.0300,68.8000
2020-05-18,295.0000,162.6900,116.8600,72.8700
2020-05-19,291.9700,164.2600,116.9900,71.8900
2020-05-20,296.9300,164.6500,117.2900,72.5300
2020-05-21,294.8800,162.2500,117.3800,72.5900
2020-05-22,295.4400,163.2100,117.4400,73.5700
2020-05-26,299.0800,160.8900,117.2500,76.3200
2020-05-27,303.5300,161.1800,117.4200,77.8400
2020-05-28,302.9700,161.7200,117.3400,78.2100
2020-05-29,304.3200,162.9100,117.6500,77.4300
2020-06-01,305.5500,163.6600,117.3700,79.2200
2020-06-02,308.0800,162.6000,117.4700,79.8600
2020-06-03,312.1800,159.6000,117.1800,82.4200
2020-06-04,311.3600,161.2800,116.8300,81.6000
2020-06-05,319.3400,158.0100,116.9000,84.6900
2020-06-08,323.2000,159.7200,117.0300,86.7900
2020-06-09,320.7900,161.2600,117.1800,85.3500
2020-06-10,319.0000,163.5700,117.6600,83.1800
2020-06-11,300.6100,162.3900,117.4600,77.8400
2020-06-12,304.2100,162.6200,117.5800,80.6300
2020-06-15,307.0500,162.3300,117.9700,81.7700
2020-06-16,312.9600,162.2500,117.7400,83.3800
2020-06-17,311.6600,162.5600,117.6400,82.1700
2020-06-18,311.7800,162.2400,117.7600,81.2700
2020-06-19,308.6400,164.0300,117.8000,80.0900
2020-06-22,310.6200,165.0900,117.7700,80.0100
2020-06-23,312.0500,166.4800,117.7500,79.6800
2020-06-24,304.0900,165.9000,117.7300,77.4100
2020-06-25,307.3500,165.8000,117.8700,77.6300
2020-06-26,300.0500,166.5400,118.0100,76.1400
2020-06-29,304.4600,166.6300,118.1100,77.6100
2020-06-30,308.3600,167.3700,118.2100,78.5300
2020-07-01,310.5200,166.6200,118.0500,80.3400
2020-07-02,312.2300,166.9800,118.1900,80.1100
2020-07-06,317.0500,167.9800,118.1800,80.0700
2020-07-07,313.7800,169.0400,118.3600,78.4800
2020-07-08,316.1800,170.0900,118.3200,78.3700
2020-07-09,314.3800,169.6300,118.6300,77.8800
2020-07-10,317.5900,169.1900,118.4900,78.1200
2020-07-13,314.8400,169.4000,118.4800,77.1900
2020-07-14,318.9200,170.1900,118.6700,77.8400
2020-07-15,321.8500,170.3400,118.6800,78.6000
2020-07-16,320.7900,168.7300,118.7600,77.6600
2020-07-17,321.7200,170.1200,118.8800,78.6700
2020-07-20,324.3200,170.9400,119.0100,77.7300
2020-07-21,325.0100,173.0000,119.0800,77.9200
2020-07-22,326.8600,175.6300,119.1800,79.1100
2020-07-23,322.9600,177.1800,119.3200,78.7800
2020-07-24,320.8800,178.7000,119.2800,78.2000
2020-07-27,323.2200,182.2300,119.2000,78.9400
2020-07-28,321.1700,183.7500,119.2800,80.5100
2020-07-29,325.1200,185.1300,119.4200,82.0700
2020-07-30,323.9600,183.7600,119.5100,81.5400
2020-07-31,326.5200,185.4300,119.5600,81.3900
2020-08-03,328.7900,185.6400,119.4000,80.3100
2020-08-04,330.0600,189.5900,119.6300,81.5100
2020-08-05,332.1100,191.3500,119.4000,81.1000
2020-08-06,334.3300,193.8900,119.5700,81.2300
2020-08-07,334.5700,190.8100,119.4300,82.3900
2020-08-10,335.5700,190.1500,119.3200,82.5200
2020-08-11,332.8000,179.9400,118.9900,81.3300
2020-08-12,337.4400,179.1000,118.7500,82.1500
2020-08-13,336.8300,183.3300,118.3100,81.1400
2020-08-14,336.8400,182.5400,118.2000,81.1500
2020-08-17,337.9100,186.5000,118.3600,81.8100
2020-08-18,338.6400,188.1800,118.5300,81.4200
2020-08-19,337.2300,182.2400,118.3500,79.9900
2020-08-20,338.2800,183.5000,118.5600,80.7500
2020-08-21,339.4800,182.0300,118.6800,80.8800
2020-08-24,342.9200,181.0000,118.6300,81.4000
2020-08-25,344.1200,181.2200,118.3800,81.6100
2020-08-26,347.5700,183.3600,118.3600,80.8600
2020-08-27,348.3300,181.2400,117.9500,82.0500
2020-08-28,350.5800,184.3900,118.1100,82.5900
2020-08-31,349.3100,184.8300,118.3700,81.7500
2020-09-01,352.6000,185.0500,118.4200,81.8100
2020-09-02,357.7000,182.6200,118.6600,83.3300
2020-09-03,345.3900,181.1400,118.6900,82.3300
2020-09-04,342.5700,181.6400,118.1000,81.9000
2020-09-08,333.2100,181.2900,118.2300,80.9000
2020-09-09,339.7900,183.0500,118.2200,81.7000
2020-09-10,333.8900,182.4600,118.2300,80.7000
2020-09-11,334.0600,182.4500,118.3700,80.2500
2020-09-14,338.4600,183.8900,118.3800,82.2100
2020-09-15,340.1700,183.4500,118.3900,83.2000
2020-09-16,338.8200,183.9700,118.3300,83.6400
2020-09-17,335.8400,182.9600,118.3600,82.0100
2020-09-18,330.6500,183.2000,118.2200,80.1600
2020-09-21,326.9700,179.5200,118.2400,77.7500
2020-09-22,330.3000,178.6500,118.3300,78.6800
2020-09-23,322.6400,174.7900,118.0800,76.3100
2020-09-24,323.5000,175.4400,118.0900,76.7200
2020-09-25,328.7300,174.9400,118.1300,77.7000
2020-09-28,334.1900,176.7000,118.2300,79.2900
2020-09-29,332.3700,178.1900,118.2500,78.7200
2020-09-30,334.8900,177.1200,118.0600,78.9600
2020-10-01,337.0400,178.7000,118.0200,80.5400
2020-10-02,333.8400,178.5400,117.9000,81.9300
2020-10-05,339.7600,179.4100,117.5200,82.4000
2020-10-06,334.9300,177.3000,117.6200,81.8600
2020-10-07,340.7600,177.2200,117.5400,81.9800
2020-10-08,343.7800,177.8500,117.6900,83.3500
2020-10-09,346.8500,181.0800,117.7200,83.0200
2020-10-12,352.4300,180.5600,117.9500,83.4100
2020-10-13,350.1300,177.7200,117.9800,81.9800
2020-10-14,347.9300,178.2700,118.0500,80.9800
2020-10-15,347.5000,178.9200,117.9500,81.4000
2020-10-16,347.2900,178.3000,117.8900,80.8200
2020-10-19,342.0100,178.3900,117.7500,79.5600
2020-10-20,343.3800,179.2500,117.6500,80.1300
2020-10-21,342.7300,180.6000,117.5100,79.8900
2020-10-22,344.6100,178.8300,117.3000,79.8800
2020-10-23,345.7800,178.6400,117.4700,80.3600
2020-10-26,339.3900,178.5500,117.6300,79.2100
2020-10-27,338.2200,179.0200,117.9000,77.9400
2020-10-28,326.6600,176.1300,117.7300,76.0800
2020-10-29,329.9800,175.4000,117.5200,77.1000
2020-10-30,326.5400,176.2000,117.2000,76.5900
2020-11-02,330.2000,177.9100,117.2200,78.4200
2020-11-03,336.0300,178.9200,117.1700,79.9300
2020-11-04,343.5400,178.8200,117.9500,80.0700
2020-11-05,350.2400,182.9300,118.0600,80.4500
2020-11-06,350.1600,183.1900,117.8000,79.9000
2020-11-09,354.5600,175.0800,117.2500,82.7300
2020-11-10,354.0400,175.6600,117.0600,83.9400
2020-11-11,356.6700,174.9000,117.1300,84.2600
2020-11-12,353.2100,175.9600,117.6200,83.1600
2020-11-13,358.1000,177.1600,117.6400,85.3800
2020-11-16,362.5700,177.1500,117.6300,86.3400
2020-11-17,360.6200,176.5000,117.8700,86.4200
2020-11-18,356.2800,175.4900,117.9500,84.7400
2020-11-19,357.7800,175.1600,118.1700,85.0700
2020-11-20,355.3300,175.6900,118.2900,84.6100
2020-11-23,357.4600,172.2300,118.2600,84.7700
2020-11-24,363.2200,169.5900,118.1000,85.2200
2020-11-25,362.6600,169.5100,118.0600,85.2700
2020-11-27,363.6700,167.7900,118.2600,84.8900
2020-11-30,362.0600,166.6700,118.4200,84.0000
2020-12-01,366.0200,170.1800,117.8400,85.0800
2020-12-02,366.7900,171.4600,117.7100,84.4100
2020-12-03,366.6900,172.8100,117.9100,85.1200
2020-12-04,369.8500,172.3200,117.5900,86.4200
2020-12-07,369.0900,174.8900,117.7700,85.6700
2020-12-08,370.1700,175.5000,117.7800,85.3700
2020-12-09,366.8500,172.5000,117.6100,84.8400
2020-12-10,366.7300,172.1700,117.9000,84.4700
2020-12-11,366.3000,172.4900,118.0300,84.3900
2020-12-14,364.6600,171.5400,117.9600,84.0200
2020-12-15,369.5900,173.9400,118.0300,85.7400
2020-12-16,370.1700,174.9000,117.9800,85.8400
2020-12-17,372.2400,176.7400,117.8500,86.6700
2020-12-18,369.1800,176.4400,117.7900,84.9300
2020-12-21,367.8600,175.8800,117.7900,84.4500
2020-12-22,367.2400,174.4900,117.9600,85.0400
2020-12-23,367.5700,175.6500,117.8800,84.4900
2020-12-24,369.0000,176.3500,117.9900,83.8800
2020-12-28,372.1700,175.7100,118.0100,84.3800
2020-12-29,371.4600,176.3500,118.0300,83.6600
2020-12-30,371.9900,177.7000,118.1000,84.1200
2020-12-31,373.8800,178.3600,118.1900,84.9300
2021-01-04,368.7900,182.3300,118.0400,82.1700
2021-01-05,371.3300,182.8700,117.9200,82.2900
2021-01-06,373.5500,179.9000,117.3400,82.4300
2021-01-07,379.1000,179.4800,117.2200,82.2700
2021-01-08,381.2600,173.3400,117.0800,83.0700
2021-01-11,378.6900,173.0000,116.8900,81.9700
2021-01-12,378.7700,174.1200,116.9900,82.1600
2021-01-13,379.7900,173.3700,117.3600,83.1600
2021-01-14,378.4600,173.2800,117.1300,83.6500
2021-01-15,375.7000,171.1300,117.2500,84.6100
2021-01-19,378.6500,172.5800,117.4100,84.3700
2021-01-20,383.8900,175.3900,117.4200,85.9800
2021-01-21,384.2400,175.2800,117.2500,85.5700
2021-01-22,382.8800,173.9000,117.2500,85.7700
2021-01-25,384.3900,174.0500,117.5500,86.4200
2021-01-26,383.7900,173.6200,117.5100,87.0300
2021-01-27,374.4100,172.5200,117.5200,85.4900
2021-01-28,377.6300,172.6800,117.4400,85.9500
2021-01-29,370.0700,172.6100,117.3100,84.9600
2021-02-01,376.2300,174.2300,117.2300,86.9000
2021-02-02,381.5500,172.1100,117.0500,87.4200
2021-02-03,381.8500,171.8500,116.9100,87.2000
2021-02-04,386.1900,168.1500,116.8600,87.8000
2021-02-05,387.7100,169.8100,116.7100,88.1100
2021-02-08,390.5100,171.5200,116.8300,88.5900
2021-02-09,390.2500,172.0800,116.8800,88.9000
2021-02-10,390.0800,172.7100,116.9900,89.3800
2021-02-11,390.7100,171.2100,116.8500,89.5700
2021-02-12,392.6400,170.6900,116.5800,89.5900
2021-02-16,392.3000,168.2400,116.0300,88.9000
2021-02-17,392.3900,166.3300,116.2600,88.7900
2021-02-18,390.7200,166.3200,116.2000,88.4100
2021-02-19,390.0300,167.0100,115.8400,88.9200
2021-02-22,387.0300,169.5100,115.4800,89.6600
2021-02-23,387.5000,169.1200,115.5100,90.2200
2021-02-24,391.7700,169.0000,115.4700,90.9100
2021-02-25,382.3300,165.8200,114.4100,89.1700
2021-02-26,380.3600,161.8100,115.3400,87.8700
2021-03-01,389.5800,161.5300,115.0900,88.2600
2021-03-02,386.5400,162.4100,115.1100,87.4100
2021-03-03,381.4200,160.6200,114.6900,86.9100
2021-03-04,376.7000,159.0400,114.3600,85.9200
2021-03-05,383.6300,159.1400,114.2800,86.8600
2021-03-08,381.7200,157.4900,113.8300,87.6100
2021-03-09,387.1700,160.8400,114.2600,88.1900
2021-03-10,389.5800,161.6600,114.4500,89.0700
2021-03-11,393.5300,161.5200,114.4400,90.1100
2021-03-12,394.0600,161.4900,113.7900,91.6200
2021-03-15,396.4100,162.2000,113.9100,92.9800
2021-03-16,395.9100,162.3500,113.8700,92.6000
2021-03-17,397.2600,163.5100,113.8600,92.6800
2021-03-18,391.4800,162.5600,113.4200,91.7400
2021-03-19,389.4800,163.2400,113.5100,90.4900
2021-03-22,392.5900,163.0000,113.7300,91.1300
2021-03-23,389.5000,161.8100,114.0200,91.0000
2021-03-24,387.5200,162.3700,114.1600,90.4900
2021-03-25,389.7000,161.7800,114.1000,90.8800
2021-03-26,395.9800,162.2400,113.9100,92.8400
2021-03-29,395.7800,160.3100,113.7200,92.3000
2021-03-30,394.7300,157.5700,113.8100,92.4200
2021-03-31,396.3300,159.9600,113.8300,91.8600
2021-04-01,400.6100,161.9800,114.0400,93.5300
2021-04-05,406.3600,161.9200,113.8100,93.8900
2021-04-06,406.1200,163.2200,114.2100,94.1300
2021-04-07,406.5900,162.7600,114.0300,94.2000
2021-04-08,408.5200,164.5100,114.3100,93.8500
2021-04-09,411.4900,163.2700,114.1800,93.7400
2021-04-12,411.6400,162.2800,114.1500,94.2900
2021-04-13,412.8600,163.4300,114.4800,94.7600
2021-04-14,411.4500,162.7200,114.3900,94.2600
2021-04-15,415.8700,165.3500,114.8400,95.9100
2021-04-16,417.2600,166.3500,114.5400,96.1200
2021-04-19,415.2100,165.8900,114.4500,96.3100
2021-04-20,412.1700,166.4800,114.6300,97.1000
2021-04-21,416.0700,168.1300,114.7400,97.7400
2021-04-22,412.2700,167.0400,114.7700,97.2100
2021-04-23,416.7400,166.4000,114.7500,97.7800
2021-04-26,417.6100,166.8400,114.6500,98.0700
2021-04-27,417.5200,166.4200,114.3700,98.0600
2021-04-28,417.4000,166.9100,114.4300,97.8500
2021-04-29,420.0600,166.2200,114.3700,98.6900
2021-04-30,417.3000,165.6600,114.4900,99.0800
2021-05-03,418.2000,167.8100,114.3900,98.8900
2021-05-04,415.6200,166.5800,114.5300,98.2500
2021-05-05,415.7500,167.2700,114.6200,96.6200
2021-05-06,419.0700,170.0600,114.6400,97.1600
2021-05-07,422.1200,171.5900,114.6100,98.4400
2021-05-10,417.9400,172.1100,114.4300,98.4100
2021-05-11,414.2100,172.1400,114.1800,97.1700
2021-05-12,405.4100,170.4300,113.7800,94.7100
2021-05-13,410.2800,171.1300,114.0400,95.9400
2021-05-14,416.5800,172.6900,114.3000,97.0800
2021-05-17,415.5200,174.7000,114.2000,97.1800
2021-05-18,411.9400,175.0400,114.0600,97.2000
2021-05-19,410.8600,175.1600,113.9000,96.8900
2021-05-20,415.2800,175.9600,114.2900,97.9800
2021-05-21,414.9400,176.0400,114.3400,97.8800
2021-05-24,419.1700,176.3500,114.4500,99.1000
2021-05-25,418.2400,177.9500,114.7300,99.0700
2021-05-26,419.0700,177.6400,114.6900,99.5100
2021-05-27,419.2900,177.7100,114.5500,99.2800
2021-05-28,420.0400,178.3800,114.5500,99.8800
2021-06-01,419.6700,177.9000,114.3300,101.6800
2021-06-02,420.3300,178.7700,114.4800,102.8700
2021-06-03,418.7700,175.2700,114.2100,102.4900
2021-06-04,422.6000,177.1600,114.6800,102.5400
2021-06-07,422.1900,177.8700,114.6000,103.7500
2021-06-08,422.2800,177.3200,114.8100,104.6100
2021-06-09,421.6500,176.9800,115.0400,104.7500
2021-06-10,423.6100,177.7400,115.2800,105.5000
2021-06-11,424.3100,175.7400,115.2300,105.0800
2021-06-14,425.2600,174.7100,114.9400,105.4900
2021-06-15,424.4800,174.0500,114.9900,104.3600
2021-06-16,422.1100,171.1100,114.6200,103.6800
2021-06-17,421.9700,165.8500,114.9800,103.5500
2021-06-18,414.9200,164.9300,115.2900,101.7900
2021-06-21,420.8600,166.9500,114.9900,103.8900
2021-06-22,423.1100,166.2500,115.1100,103.3500
2021-06-23,422.6000,166.1400,115.0500,103.1700
2021-06-24,425.1000,166.0400,115.0900,102.2200
2021-06-25,426.6100,166.5900,114.8600,102.9100
2021-06-28,427.4700,166.5800,115.1900,102.6100
2021-06-29,427.7000,164.8300,115.2500,102.3300
2021-06-30,428.0600,165.6300,115.3300,101.7900
2021-07-01,430.4300,166.2000,115.1100,102.2300
2021-07-02,433.7200,167.2900,115.3600,102.5400
2021-07-06,432.9300,168.1200,115.7300,103.2900
2021-07-07,434.4600,168.7600,115.9300,103.6500
2021-07-08,430.9200,168.6500,116.0600,103.3600
2021-07-09,435.5200,169.2100,115.6800,105.0600
2021-07-12,437.0800,169.0000,115.6100,105.9600
2021-07-13,435.5900,169.2200,115.3600,104.4800
2021-07-14,436.2400,171.0400,115.7500,105.2100
2021-07-15,434.7500,171.0700,116.0000,105.3800
2021-07-16,431.3400,169.4100,115.9000,105.3100
2021-07-19,424.9700,169.6100,116.5100,103.3900
2021-07-20,431.0600,169.3900,116.4000,105.8300
2021-07-21,434.5500,168.7600,116.0200,105.8200
2021-07-22,435.4600,169.0900,116.2900,104.9800
2021-07-23,439.9400,168.5600,116.2100,105.8500
2021-07-26,441.0200,168.1600,116.1100,105.9000
2021-07-27,439.0100,168.4400,116.3800,106.5000
2021-07-28,438.8300,169.2900,116.4900,106.1300
2021-07-29,440.6500,171.1700,116.3000,106.1500
2021-07-30,438.5100,169.8200,116.4600,106.2900
2021-08-02,437.5900,169.6100,116.5400,106.0600
2021-08-03,441.1500,169.4900,116.5800,106.1900
2021-08-04,438.9800,169.5300,116.5700,105.8600
2021-08-05,441.7600,168.8600,116.3100,107.1000
2021-08-06,442.4900,164.6400,115.7900,106.9100
2021-08-09,442.1300,161.7200,115.5800,106.3400
2021-08-10,442.6800,161.7700,115.4300,105.3300
2021-08-11,443.7800,164.0000,115.5400,105.9500
2021-08-12,445.1100,164.0400,115.5500,106.1800
2021-08-13,445.9200,166.3900,115.9700,106.7600
2021-08-16,446.9700,167.2200,116.0300,106.6300
2021-08-17,444.0400,166.9700,115.9400,106.5200
2021-08-18,439.1800,167.1000,115.9500,105.5500
2021-08-19,439.8600,166.6100,116.1500,106.0600
2021-08-20,443.3600,166.7000,116.1600,106.5900
2021-08-23,447.2600,168.7300,116.1600,106.3900
2021-08-24,447.9700,168.6500,115.9900,105.9200
2021-08-25,448.9100,167.4800,115.7700,105.8500
2021-08-26,446.2600,167.6700,115.7800,105.8900
2021-08-27,450.2500,170.1900,116.1000,107.0000
2021-08-30,452.2300,169.3500,116.2300,108.0700
2021-08-31,451.5600,169.6900,116.0600,108.5800
2021-09-01,451.8000,169.7000,115.9300,110.3200
2021-09-02,453.1900,169.2500,116.0500,110.9000
2021-09-03,453.0800,171.0600,115.8500,110.9200
2021-09-07,451.4600,167.7100,115.5400,109.6700
2021-09-08,450.9100,167.2900,115.7300,110.2200
2021-09-09,448.9800,168.0300,116.1000,107.9800
2021-09-10,445.4400,167.1800,115.8700,106.4000
2021-09-13,446.5800,167.7400,116.0200,107.1200
2021-09-14,444.1700,168.8200,116.2800,106.9300
2021-09-15,447.8800,167.8300,116.1700,107.2700
2021-09-16,447.1700,164.0300,115.9700,107.3600
2021-09-17,441.4000,163.7700,115.8700,106.4000
2021-09-20,434.0400,164.9400,116.0900,105.7500
2021-09-21,433.6300,166.0400,116.1400,105.8000
2021-09-22,437.8600,165.4200,116.1800,106.8300
2021-09-23,443.1800,163.5100,115.6100,106.6200
2021-09-24,443.9100,163.3000,115.4100,104.8300
2021-09-27,442.6400,163.6400,115.2500,103.4200
2021-09-28,433.7200,162.0500,114.7700,102.7200
2021-09-29,434.4500,161.3200,114.8500,103.4900
2021-09-30,429.1400,164.2200,114.8300,101.7800
2021-10-01,434.2400,164.5900,115.0000,103.2200
2021-10-04,428.6400,165.3600,114.9200,103.2400
2021-10-05,433.1000,164.5900,114.6500,102.5300
2021-10-06,434.9000,165.0300,114.7000,103.5100
2021-10-07,438.6600,164.1600,114.3800,103.7900
2021-10-08,437.8600,164.2300,114.1300,102.8100
2021-10-11,434.6900,163.9200,113.9500,103.0700
2021-10-12,433.6200,164.6600,114.3700,104.4200
2021-10-13,435.1800,167.5900,114.6300,105.1800
2021-10-14,442.5000,168.0000,114.8500,106.4600
2021-10-15,445.8700,165.3300,114.5700,106.3800
2021-10-18,447.1900,164.9200,114.4900,106.6500
2021-10-19,450.6400,165.4500,114.1600,106.7000
2021-10-20,452.4100,166.9000,114.0800,108.3800
2021-10-21,453.5900,166.7500,113.8400,108.5300
2021-10-22,453.1200,167.7700,114.0600,109.0400
2021-10-25,455.5500,168.9300,114.1700,109.3900
2021-10-26,455.9600,167.6800,114.3800,109.6900
2021-10-27,453.9400,168.1200,114.7600,108.7600
2021-10-28,458.3200,168.0800,114.6700,110.2800
2021-10-29,459.2500,166.6500,114.6400,109.0400
2021-11-01,460.0400,167.5200,114.3900,109.5800
2021-11-02,461.9000,167.1600,114.6200,110.1000
2021-11-03,464.7200,165.7700,114.3900,110.4700
2021-11-04,466.9100,167.6500,114.7700,109.4200
2021-11-05,468.5300,169.8400,115.2200,109.9800
2021-11-08,468.9300,170.4500,115.0100,109.8900
2021-11-09,467.3800,171.2900,115.3300,110.0800
2021-11-10,463.6200,173.1500,114.5500,109.5700
2021-11-11,463.7700,174.1200,114.3400,109.7500
2021-11-12,467.2700,174.4500,114.3200,109.6700
2021-11-15,467.4300,174.1800,113.9000,110.4400
2021-11-16,469.2800,172.9200,113.8600,109.7100
2021-11-17,468.1400,174.5000,114.1300,110.0500
2021-11-18,469.7300,173.9400,114.2300,110.0700
2021-11-19,468.8900,172.6100,114.4500,109.4200
2021-11-22,467.5700,168.7400,113.9000,108.8800
2021-11-23,468.1900,167.2800,113.4500,109.7600
2021-11-24,469.4400,167.1200,113.7100,111.0900
2021-11-26,458.9700,166.8500,114.5200,108.0000
2021-11-29,464.6000,166.6200,114.5800,108.8000
2021-11-30,455.5600,165.5000,114.7700,106.7400
2021-12-01,450.5000,166.1600,114.6300,104.9800
2021-12-02,457.4000,165.2400,114.6100,108.1300
2021-12-03,453.4200,166.6300,115.0700,107.7700
2021-12-06,458.7900,166.2200,114.6700,109.6600
2021-12-07,468.2800,166.8100,114.4900,111.2400
2021-12-08,469.5200,166.9000,114.1900,112.0400
2021-12-09,466.3500,165.8800,114.2000,110.4200
2021-12-10,470.7400,166.5800,114.2300,110.7600
2021-12-13,466.5700,167.0000,114.6300,111.8000
2021-12-14,463.3600,165.4400,114.4100,110.3700
2021-12-15,470.6000,166.1500,114.3200,111.9200
2021-12-16,466.4500,168.1600,114.3600,111.8800
2021-12-17,459.8700,167.8000,114.5000,111.7400
2021-12-20,454.9800,167.0900,114.3300,110.8700
2021-12-21,463.0600,167.0200,114.2400,112.1200
2021-12-22,467.6900,168.5900,114.3400,113.2700
2021-12-23,470.6000,168.9700,114.2000,113.1500
2021-12-27,477.2600,169.3700,114.2600,114.0000
2021-12-28,476.8700,168.6400,114.2100,114.4200
2021-12-29,477.4800,168.5900,113.8700,115.1900
2021-12-30,476.1600,169.8000,114.1200,115.6900
2021-12-31,474.9600,170.9600,114.0800,116.0100
2022-01-03,477.7100,168.3300,113.3000,115.1000
2022-01-04,477.5500,169.5700,113.2900,114.9600
2022-01-05,468.3800,169.0600,112.9400,111.6700
2022-01-06,467.9400,166.9900,112.8200,111.7700
2022-01-07,466.0900,167.7500,112.4900,111.0300
2022-01-10,465.5100,168.2600,112.3900,110.3900
2022-01-11,469.7500,170.2900,112.6000,110.5600
2022-01-12,471.0200,170.7400,112.6000,110.6900
2022-01-13,464.5300,170.1600,112.8000,110.4700
2022-01-14,464.7200,169.6700,112.1700,109.4700
2022-01-18,456.4900,169.3900,111.4900,108.3200
2022-01-19,451.7500,172.0800,111.7300,106.8600
2022-01-20,446.7500,171.6500,111.7900,105.4900
2022-01-21,437.9800,171.0900,112.2300,105.2300
2022-01-24,439.8400,172.0300,112.1000,105.4300
2022-01-25,434.4700,172.5800,111.9900,105.0100
2022-01-26,433.3800,169.7900,111.3600,103.3700
2022-01-27,431.2400,167.6000,111.7300,101.6600
2022-01-28,441.9500,167.1000,111.8100,104.9500
2022-01-31,449.9100,168.0900,111.8000,106.2400
2022-02-01,452.9500,168.2300,111.6000,105.8600
2022-02-02,457.3500,168.8400,111.7200,107.2100
2022-02-03,446.6000,168.6000,111.2700,106.0700
2022-02-04,448.7000,168.8600,110.5700,105.0200
2022-02-07,447.2600,170.1100,110.6700,104.8700
2022-02-08,450.9400,170.6300,110.3300,104.3800
2022-02-09,457.5400,171.2100,110.4000,106.7400
2022-02-10,449.3200,170.5600,109.3800,104.2200
2022-02-11,440.4600,173.8100,110.1000,103.2700
2022-02-14,439.0200,174.7400,109.4600,102.3300
2022-02-15,446.1000,173.0800,109.2800,103.2500
2022-02-16,446.6000,174.8600,109.4100,103.7300
2022-02-17,437.0600,177.2500,109.6400,102.6300
2022-02-18,434.2300,177.1200,109.8700,102.0100
2022-02-22,429.5700,177.4900,109.7500,101.6400
2022-02-23,421.9500,178.2900,109.2600,99.9600
2022-02-24,428.3000,177.1400,109.4600,101.6400
2022-02-25,437.7500,176.5500,109.5700,104.0900
2022-02-28,436.6300,178.3800,110.3600,102.5400
2022-03-01,429.9800,181.6200,110.8200,102.0000
2022-03-02,437.8900,179.7300,109.4900,103.9100
2022-03-03,435.7100,180.8000,109.8600,104.7600
2022-03-04,432.1700,183.6800,110.3000,105.2400
2022-03-07,419.4300,186.4100,109.6600,103.1600
2022-03-08,416.2500,191.5100,109.2700,102.6600
2022-03-09,427.4100,185.8200,109.0400,104.2400
2022-03-10,425.4800,186.4000,108.4300,104.5000
2022-03-11,420.0700,185.0900,108.4100,103.6700
2022-03-14,417.0000,182.3000,107.3600,102.8600
2022-03-15,426.1700,178.8900,107.6000,103.5500
2022-03-16,435.6200,180.0100,107.6800,104.7800
2022-03-17,441.0700,180.8900,107.8600,106.4000
2022-03-18,444.5200,179.3000,108.1000,106.4000
2022-03-21,444.3900,180.6700,107.0400,105.7500
2022-03-22,449.5900,179.3600,106.7500,106.0200
2022-03-23,443.8000,181.8100,107.1900,104.2600
2022-03-24,450.4900,183.1300,106.9500,104.9200
2022-03-25,452.6900,182.3800,106.1000,106.2300
2022-03-28,455.9100,179.0600,106.3600,107.3600
2022-03-29,461.5500,179.1400,106.8600,110.5100
2022-03-30,458.7000,180.5800,107.1500,109.7100
2022-03-31,451.6400,180.6500,107.1000,108.3700
2022-04-01,452.9200,179.5000,106.7500,110.4800
2022-04-04,456.8000,180.3700,106.8400,109.9400
2022-04-05,451.0300,179.2400,105.7600,109.4000
2022-04-06,446.5200,179.6600,105.4900,110.7000
2022-04-07,448.7700,180.3400,105.2600,109.6000
2022-04-08,447.5700,181.4700,104.7300,109.7800
2022-04-11,439.9200,182.3700,104.2800,108.6000
2022-04-12,438.2900,183.7700,104.6100,108.4400
2022-04-13,443.3100,184.6500,104.8200,109.2100
2022-04-14,437.7900,184.0400,103.9700,108.7400
2022-04-18,437.9700,184.6100,103.6500,108.3000
2022-04-19,445.0400,181.8200,103.0200,110.6600
2022-04-20,444.7100,182.7100,103.6100,112.5000
2022-04-21,438.0600,182.0600,103.0400,111.7200
2022-04-22,426.0400,180.2900,102.9400,109.7600
2022-04-25,428.5100,177.0500,103.6300,109.4800
2022-04-26,416.1000,177.3200,103.9500,107.6800
2022-04-27,417.2700,175.9800,103.5300,106.9700
2022-04-28,427.8100,176.9300,103.4900,108.9400
2022-04-29,412.0000,176.9100,102.8700,103.9400
2022-05-02,414.4800,173.6300,102.1300,101.4300
2022-05-03,416.3800,174.0900,102.3600,102.6900
2022-05-04,429.0600,175.8000,103.0200,103.8700
2022-05-05,413.8100,175.1300,102.0000,101.1000
2022-05-06,411.3400,175.4200,101.5700,99.9000
2022-05-09,398.1700,172.8800,102.0700,95.5000
2022-05-10,399.0900,171.4200,102.3800,93.7600
2022-05-11,392.7500,172.8200,102.7600,93.5600
2022-05-12,392.3400,170.1700,102.9500,94.2900
2022-05-13,401.7200,168.7900,102.5100,96.7800
2022-05-16,400.0900,170.4000,102.7400,96.1700
2022-05-17,408.3200,169.3300,102.1800,97.4800
2022-05-18,391.8600,169.4200,102.5900,94.6500
2022-05-19,389.4600,171.9100,102.8500,94.2300
2022-05-20,389.6300,172.0300,103.1600,94.8300
2022-05-23,396.9200,172.8300,102.8200,95.9300
2022-05-24,393.8900,174.1300,103.6100,96.7400
2022-05-25,397.3700,173.0800,104.0400,97.5600
2022-05-26,405.3100,172.7600,103.9600,97.6800
2022-05-27,415.2600,172.8500,104.1300,100.3000
2022-05-31,412.9300,171.1400,103.4700,99.0700
2022-06-01,409.5900,172.2300,102.8600,98.2500
2022-06-02,417.3900,174.3500,102.9900,99.6000
2022-06-03,410.5400,172.5800,102.8200,98.2700
2022-06-06,411.7900,171.8200,102.1900,97.9600
2022-06-07,415.7400,172.9400,102.5800,99.3100
2022-06-08,411.2200,172.7800,102.1600,97.0200
2022-06-09,401.4400,172.2300,102.0500,94.7200
2022-06-10,389.8000,174.5400,101.2600,92.6200
2022-06-13,375.0000,169.9300,99.6000,87.9900
2022-06-14,373.8700,168.5700,99.0100,87.3200
2022-06-15,379.2000,170.7700,100.1100,89.3900
2022-06-16,366.6500,172.6900,100.3500,87.0400
2022-06-17,365.8600,171.2700,100.3400,87.7000
2022-06-21,375.0700,170.6300,99.9400,88.9200
2022-06-22,374.3900,171.3100,100.7900,90.0500
2022-06-23,378.0600,170.2600,101.2100,91.1800
2022-06-24,390.0800,170.0900,101.0500,93.1200
2022-06-27,388.5900,169.9000,100.6000,92.9800
2022-06-28,380.6500,169.6200,100.6400,91.8500
2022-06-29,380.3400,169.4900,101.2200,91.2800
2022-06-30,377.2500,168.4600,101.6800,91.1100
2022-07-01,381.2400,168.3200,102.3400,92.7500
2022-07-05,381.9600,164.7500,102.5300,92.4900
2022-07-06,383.2500,162.1400,101.8400,92.3200
2022-07-07,388.9900,162.2300,101.6100,92.5700
2022-07-08,388.6700,162.3000,101.2300,92.0800
2022-07-11,384.2300,161.4300,101.7000,91.8800
2022-07-12,380.8300,160.8300,101.8400,91.5200
2022-07-13,378.8300,161.6000,102.2100,91.0800
2022-07-14,377.9100,159.3300,101.8500,90.2600
2022-07-15,385.1300,159.0100,102.2500,91.7900
2022-07-18,381.9500,159.1600,101.9200,91.1400
2022-07-19,392.2700,159.5400,101.7800,93.5000
2022-07-20,394.7700,158.0400,101.7100,93.2800
2022-07-21,398.7900,160.2700,102.5600,94.0200
2022-07-22,395.0900,160.6700,103.3600,94.5100
2022-07-25,395.5700,160.2300,102.9800,94.6700
2022-07-26,390.8900,160.0400,102.9600,94.7700
2022-07-27,401.0400,161.6700,103.3200,95.3400
2022-07-28,406.0700,163.6400,104.0600,98.4300
2022-07-29,411.9900,164.1000,104.0700,98.9600
2022-08-01,410.7700,165.0300,104.2300,98.1600
2022-08-02,408.0600,164.0500,103.1600,96.9000
2022-08-03,414.4500,164.4500,103.6200,97.2100
2022-08-04,414.1700,167.1700,103.8700,97.0600
2022-08-05,413.4700,165.2900,102.7100,97.3300
2022-08-08,412.9900,166.6900,103.1800,98.2000
2022-08-09,411.3500,167.2000,102.9500,98.7400
2022-08-10,419.9900,166.7800,103.2100,100.2400
2022-08-11,419.9900,166.3400,102.6600,100.0000
2022-08-12,427.1000,167.8700,103.1200,101.7200
2022-08-15,428.8600,165.7100,103.2500,102.1300
2022-08-16,429.7000,165.4200,103.1000,101.8600
2022-08-17,426.6500,164.3500,102.4900,101.2500
2022-08-18,427.8900,163.9200,102.7100,100.5800
2022-08-19,422.1400,162.7200,101.9900,99.5200
2022-08-22,413.3500,161.6400,101.5500,97.3500
2022-08-23,412.3500,162.7700,101.5100,96.1000
2022-08-24,413.6700,163.2500,101.2400,96.6500
2022-08-25,419.5100,163.7500,101.8000,98.0900
2022-08-26,405.3100,161.7600,101.6100,95.6200
2022-08-29,402.6300,161.8600,101.1200,94.7600
2022-08-30,398.2100,160.5100,101.2500,93.4500
2022-08-31,395.1800,159.2700,100.7100,93.0100
2022-09-01,396.4200,157.8700,100.0700,93.1800
2022-09-02,392.2400,159.2600,100.3600,91.8800
2022-09-06,390.7600,158.3300,99.4200,92.7100
2022-09-07,397.7800,159.9400,100.1100,94.5200
2022-09-08,400.3800,158.9800,99.7900,94.7800
2022-09-09,406.6000,159.8200,99.7800,95.8100
2022-09-12,410.9700,160.6300,99.6300,96.7400
2022-09-13,393.1000,158.5400,99.0700,93.0400
2022-09-14,394.6000,157.9300,99.2000,91.9800
2022-09-15,390.1200,154.9800,98.9000,90.2800
2022-09-16,385.5600,155.8400,98.8300,90.2900
2022-09-19,388.5500,155.9600,98.6800,90.1600
2022-09-20,384.0900,155.0700,98.2400,87.9700
2022-09-21,377.3900,155.7900,98.5500,86.5800
2022-09-22,374.2200,155.7000,97.5000,85.4800
2022-09-23,367.9500,153.0100,97.2000,83.4400
2022-09-26,364.3100,151.2300,95.9500,81.1000
2022-09-27,363.3800,151.5400,95.5400,80.0200
2022-09-28,370.5300,154.6900,97.0800,81.6800
2022-09-29,362.7900,154.6600,96.5700,79.2800
2022-09-30,357.1800,154.6700,96.3400,80.1700
2022-10-03,366.6100,158.4300,96.9100,81.6000
2022-10-04,377.9700,160.7000,97.1700,83.2500
2022-10-05,377.0900,159.8100,96.6600,81.6200
2022-10-06,373.2000,159.6300,96.2800,79.3500
2022-10-07,362.7900,157.8800,95.7700,77.4400
2022-10-10,360.0200,155.4800,95.3400,76.7100
2022-10-11,357.7400,155.1600,95.4000,77.4900
2022-10-12,356.5600,155.9900,95.4800,76.6800
2022-10-13,365.9700,154.9100,95.1800,78.0800
2022-10-14,357.6300,152.9800,94.6600,76.1400
2022-10-17,366.8200,153.4200,94.8600,79.0100
2022-10-18,371.1300,153.7500,95.0200,79.8700
2022-10-19,368.5000,151.6900,94.2000,77.8800
2022-10-20,365.4100,151.4500,93.6300,77.5400
2022-10-21,374.2900,154.1500,93.7700,78.1500
2022-10-24,378.8700,153.6500,93.6400,78.1400
2022-10-25,384.9200,154.0000,94.5600,81.2100
2022-10-26,382.0200,154.9800,94.9800,81.1600
2022-10-27,379.9800,154.7400,95.4600,81.2800
2022-10-28,389.0200,153.1600,95.2200,83.0700
2022-10-31,386.2100,151.9100,94.9000,82.9800
2022-11-01,384.5200,153.4600,94.8600,82.9500
2022-11-02,374.8700,152.3900,94.7000,80.6700
2022-11-03,371.0100,151.8100,94.3500,80.5600
2022-11-04,376.3500,156.4700,94.3400,81.6600
2022-11-07,379.9500,155.8500,94.0400,81.6600
2022-11-08,382.0000,159.4500,94.4400,81.9100
2022-11-09,374.1300,158.6500,94.5500,81.0700
2022-11-10,394.6900,163.4800,96.5800,87.0000
2022-11-11,398.5100,164.5600,96.5100,86.9900
2022-11-14,395.1200,164.9200,96.2400,84.8700
2022-11-15,398.4900,165.5000,96.9500,85.7900
2022-11-16,395.4500,165.1200,97.5500,85.0100
2022-11-17,394.2400,163.9200,97.1400,84.4300
2022-11-18,396.0300,162.7900,97.0000,85.5000
2022-11-21,394.5900,161.8800,96.9400,85.9500
2022-11-22,399.9000,162.0700,97.4400,86.4200
2022-11-23,402.4200,163.0800,98.0200,86.4900
2022-11-25,402.3300,163.2200,98.0400,87.0400
2022-11-28,395.9100,161.9300,97.8800,84.7100
2022-11-29,395.2300,162.7300,97.5300,86.1100
2022-11-30,407.6800,164.8100,98.2900,88.0800
2022-12-01,407.3800,167.8400,98.8800,87.8900
2022-12-02,406.9100,167.2600,99.2900,87.6300
2022-12-05,399.5900,164.3900,98.5100,86.0300
2022-12-06,393.8300,164.8400,98.8000,85.2200
2022-12-07,393.1600,166.3300,99.6800,85.3900
2022-12-08,396.2400,166.4700,99.3800,85.9900
2022-12-09,393.2800,167.0600,98.7900,85.8300
2022-12-12,398.9500,165.6800,98.8100,86.4900
2022-12-13,401.9700,168.5100,99.4700,88.0900
2022-12-14,399.4000,168.1000,99.6900,87.4900
2022-12-15,389.6300,165.3500,99.6100,86.3200
2022-12-16,383.2700,166.7900,99.3500,84.0900
2022-12-19,380.0200,166.3200,98.7400,83.0200
2022-12-20,380.5400,169.0800,98.0700,82.8100
2022-12-21,386.2300,168.8000,98.3400,83.5200
2022-12-22,380.7200,166.7600,98.3100,82.0100
2022-12-23,382.9100,167.2600,97.9700,82.7400
2022-12-27,381.4000,168.6700,97.2600,82.7100
2022-12-28,376.6600,167.9100,97.0900,81.3000
2022-12-29,383.4400,168.8500,97.4500,83.0800
2022-12-30,382.4300,169.6400,96.9900,82.4800
2023-01-03,380.8200,171.0600,97.5600,82.5600
2023-01-04,383.7600,172.6700,98.1000,84.4300
2023-01-05,379.3800,170.5200,98.0200,82.1600
2023-01-06,388.0800,173.7100,99.0900,84.3700
2023-01-09,387.8600,174.1000,99.3400,84.4000
2023-01-10,390.5800,174.7400,98.9600,84.5900
2023-01-11,395.5200,174.6200,99.5700,87.6200
2023-01-12,396.9600,176.6400,100.2900,88.7300
2023-01-13,398.5000,178.7600,99.9200,88.1800
2023-01-17,397.7700,177.5900,99.7400,88.4300
2023-01-18,391.4900,177.0800,100.7300,87.1400
2023-01-19,388.6400,179.8900,100.5000,86.6600
2023-01-20,395.8800,179.2900,100.0900,87.6900
2023-01-23,400.6300,179.6300,99.8400,88.0900
2023-01-24,400.2000,180.2800,100.2800,88.3100
2023-01-25,400.3500,181.1100,100.4000,88.3500
2023-01-26,404.7500,179.4700,100.2300,89.3400
2023-01-27,405.6800,179.2200,100.0800,90.3400
2023-01-30,400.5900,178.7600,99.8100,89.1900
2023-01-31,406.4800,179.4100,100.2200,91.0600
2023-02-01,410.8000,181.6700,100.6800,91.6200
2023-02-02,416.7800,177.9000,100.7900,93.7000
2023-02-03,412.3500,173.4600,99.8200,91.9400
2023-02-06,409.8300,173.8200,99.2700,91.2700
2023-02-07,415.1900,173.9800,99.1000,91.0700
2023-02-08,410.6500,174.4100,99.2400,90.6400
2023-02-09,407.0900,173.0300,98.8500,89.6500
2023-02-10,408.0400,173.3600,98.4200,89.9600
2023-02-13,412.8300,172.4800,98.7200,90.7600
2023-02-14,412.6400,172.6100,98.3700,90.0400
2023-02-15,413.9800,170.8900,98.1800,90.4000
2023-02-16,408.2800,170.7500,97.7700,89.5200
2023-02-17,407.2600,171.2600,98.0000,89.1700
2023-02-21,399.0900,170.6200,97.0800,87.3800
2023-02-22,398.5400,169.6600,97.3400,86.5900
2023-02-23,400.6600,169.5700,97.6900,87.2400
2023-02-24,396.3800,168.3500,97.1300,85.7100
2023-02-27,397.7300,169.0100,97.3200,85.8400
2023-02-28,396.2600,169.7800,97.3100,85.7200
2023-03-01,394.7400,170.7600,96.5200,84.6400
2023-03-02,397.8100,170.6600,96.3200,85.6300
2023-03-03,404.1900,172.4900,97.0800,86.9300
2023-03-06,404.4700,171.6200,96.8400,86.5900
2023-03-07,398.2700,168.6200,96.7100,84.5700
2023-03-08,398.9200,168.5400,96.6100,85.5400
2023-03-09,391.5600,170.2000,96.9600,83.5800
2023-03-10,385.9100,173.8700,98.0900,80.8100
2023-03-13,385.3600,177.8600,98.8700,81.8700
2023-03-14,391.7300,176.8300,98.2900,82.6600
2023-03-15,389.2800,178.2100,99.2700,82.6000
2023-03-16,396.1100,178.5700,98.8800,82.4200
2023-03-17,389.9900,183.7700,99.5000,80.5500
2023-03-20,393.7400,183.8400,99.1000,81.4700
2023-03-21,398.9100,180.3700,98.8000,81.1100
2023-03-22,392.1100,183.4400,99.7500,78.0800
2023-03-23,393.1700,185.7400,99.9900,77.5900
2023-03-24,395.7500,183.6500,100.1600,78.7900
2023-03-27,396.4900,181.9500,99.0800,78.7000
2023-03-28,395.6000,183.4400,98.9300,78.5100
2023-03-29,401.3500,182.5300,99.0500,80.2500
2023-03-30,403.7000,184.1800,99.1600,81.3000
2023-03-31,409.3900,183.2200,99.6400,83.0400
2023-04-03,410.9500,184.5400,99.8200,82.3800
2023-04-04,408.6700,187.9800,100.1900,82.2700
2023-04-05,407.6000,187.8300,100.5300,81.8300
2023-04-06,409.1900,186.4900,100.4400,82.3900
2023-04-10,409.6100,185.1100,99.7500,82.7700
2023-04-11,409.7200,186.2800,99.8100,83.1200
2023-04-12,408.0500,187.1900,99.9300,82.7200
2023-04-13,413.4700,189.7200,99.8900,82.4700
2023-04-14,412.4600,186.3600,99.4000,81.1900
2023-04-17,413.9400,185.5300,98.9000,82.8800
2023-04-18,414.2100,186.2500,99.0400,82.6900
2023-04-19,414.1400,185.3600,98.8900,83.1800
2023-04-20,411.8800,186.0900,99.3400,82.3600
2023-04-21,412.2000,184.2500,99.1700,82.3700
2023-04-24,412.6300,184.8100,99.5600,82.0600
2023-04-25,406.0800,185.7500,100.1800,81.2500
2023-04-26,404.3600,184.7400,99.8100,80.4700
2023-04-27,412.4100,184.7500,99.4500,82.2900
2023-04-28,415.9300,184.8000,99.9600,83.3000
2023-05-01,415.5100,183.9700,98.6900,82.6800
2023-05-02,410.8400,187.5200,99.6500,81.2800
2023-05-03,408.0200,189.1100,100.0900,80.9600
2023-05-04,405.1300,190.4400,99.9700,81.6300
2023-05-05,412.6300,187.4600,99.6500,82.9900
2023-05-08,412.7400,187.6900,99.1000,82.5100
2023-05-09,410.9300,189.0200,99.0100,82.1600
2023-05-10,412.8500,188.7500,99.6500,82.9500
2023-05-11,412.1300,187.1300,99.9500,82.0400
2023-05-12,411.5900,186.8100,99.3900,82.0300
2023-05-15,413.0100,187.2100,99.1400,81.8900
2023-05-16,410.2500,184.8700,98.9100,79.8400
2023-05-17,415.2300,184.2300,98.7600,80.9200
2023-05-18,419.2300,181.8400,98.3000,80.5300
2023-05-19,418.6200,183.6400,98.0800,80.4000
2023-05-22,418.7900,183.2100,97.9900,80.8900
2023-05-23,414.0900,183.4300,98.1000,80.1300
2023-05-24,411.0900,181.9500,97.8500,78.4100
2023-05-25,414.6500,180.2000,97.4900,78.4000
2023-05-26,420.0200,180.9200,97.5700,79.3000
2023-05-30,420.1800,182.0400,98.2200,79.6000
2023-05-31,417.8500,182.3200,98.5700,80.0000
2023-06-01,421.8200,183.7600,98.6100,80.0100
2023-06-02,427.9200,181.0500,98.0900,81.9600
2023-06-05,427.1000,182.1400,98.0800,81.3900
2023-06-06,428.0300,182.3400,98.2000,82.1700
2023-06-07,426.5500,180.1500,97.6800,83.6800
2023-06-08,429.1300,182.5300,98.2000,83.1600
2023-06-09,429.9000,182.0400,97.9700,82.6800
2023-06-12,433.8000,181.8800,98.1400,82.7000
2023-06-13,436.6600,180.5400,97.6800,83.2300
2023-06-14,437.1800,180.6400,97.7700,83.5400
2023-06-15,442.6000,181.9100,98.4500,83.9800
2023-06-16,439.4600,181.6300,98.1400,83.9200
2023-06-20,437.1800,179.7500,98.3200,82.9300
2023-06-21,434.9400,179.4900,98.4800,82.4300
2023-06-22,436.5100,177.7100,97.9700,81.2500
2023-06-23,433.2100,178.2000,98.2600,80.1300
2023-06-26,431.4400,178.5100,98.3800,81.9800
2023-06-27,436.1700,177.6900,98.1900,82.9900
2023-06-28,436.3900,177.2800,98.4800,83.1100
2023-06-29,438.1100,177.0900,97.7200,83.1000
2023-06-30,443.2800,178.2700,97.9500,83.5600
2023-07-03,443.7900,178.4700,97.5800,84.3800
2023-07-05,443.1300,177.8400,97.1400,84.5700
2023-07-06,439.6600,177.3100,96.5100,83.9200
2023-07-07,438.5500,178.6400,96.5300,83.7300
2023-07-10,439.6600,178.7800,96.8000,84.0900
2023-07-11,442.4600,179.4500,97.0100,85.2900
2023-07-12,446.0200,181.8800,97.8000,85.7500
2023-07-13,449.5600,182.0100,98.4100,86.3000
2023-07-14,449.2800,181.4300,97.9400,86.1300
2023-07-17,450.8400,181.5600,98.0500,85.5700
2023-07-18,454.1900,183.6400,98.1300,85.1000
2023-07-19,455.2000,183.6700,98.4300,86.0600
2023-07-20,452.1800,182.7400,97.9200,85.7800
2023-07-21,452.1800,182.1800,97.9900,86.1800
2023-07-24,454.2000,181.4000,97.8100,86.8900
2023-07-25,455.4400,182.4100,97.7000,86.2700
2023-07-26,455.5100,183.3000,98.0200,86.6600
2023-07-27,452.4900,180.4200,97.1800,84.7800
2023-07-28,456.9200,181.8600,97.5600,84.7100
2023-07-31,457.7900,182.3500,97.6800,85.2600
2023-08-01,456.4800,180.4600,96.7700,85.1200
2023-08-02,450.1300,179.6000,96.5400,84.6300
2023-08-03,448.8400,179.5400,95.8900,83.7100
2023-08-04,446.8100,180.1900,96.6800,83.0300
2023-08-07,450.7100,179.7800,96.7000,84.0700
2023-08-08,448.7500,178.6400,96.9300,83.5300
2023-08-09,445.7500,177.7900,97.0000,83.5200
2023-08-10,445.9100,177.6000,96.3700,83.2000
2023-08-11,445.6500,177.6000,96.0700,83.3300
2023-08-14,448.1100,177.0600,96.0000,82.7800
2023-08-15,442.8900,176.5900,95.7400,81.8500
2023-08-16,439.6400,175.5700,95.5100,80.8400
2023-08-17,436.2900,175.3000,95.4100,80.1900
2023-08-18,436.5000,175.3300,95.6200,80.4400
2023-08-21,439.3400,175.8100,95.1400,79.7000
2023-08-22,438.1500,176.1000,95.2400,79.9300
2023-08-23,443.0300,177.8900,96.1500,81.1900
2023-08-24,436.8900,177.8500,95.9300,80.8800
2023-08-25,439.9700,177.6200,95.8700,80.9400
2023-08-28,442.7600,178.1300,96.0800,81.7000
2023-08-29,449.1600,179.8700,96.7000,82.6900
2023-08-30,451.0100,180.3200,96.6600,82.9900
2023-08-31,450.3500,180.0200,96.8000,82.3800
2023-09-01,451.1900,180.1100,96.0400,82.5200
2023-09-05,449.2400,178.6400,95.5200,81.5600
2023-09-06,446.2200,177.8300,95.4300,81.3900
2023-09-07,444.8500,178.0200,95.7300,81.9000
2023-09-08,445.5200,178.0800,95.7800,81.5800
2023-09-11,448.4500,178.4100,95.6700,81.5900
2023-09-12,445.9900,177.4900,95.7000,81.5500
2023-09-13,446.5100,177.0800,95.8400,80.6600
2023-09-14,450.3600,177.1700,95.7100,82.1200
2023-09-15,443.3700,178.3400,95.4900,81.8100
2023-09-18,443.6300,179.3900,95.6300,81.0800
2023-09-19,442.7100,179.2200,95.3500,80.7100
2023-09-20,438.6400,179.3500,95.3000,80.7800
2023-09-21,431.3900,178.0500,94.6500,78.0300
2023-09-22,430.4200,178.6200,95.0500,77.4400
2023-09-25,432.2300,177.7000,94.3000,77.3700
2023-09-26,425.8800,176.2800,94.1800,75.9600
2023-09-27,426.0500,174.1000,93.8500,75.4500
2023-09-28,428.5200,173.2300,94.1300,75.4400
2023-09-29,427.4800,171.4500,94.0400,75.6600
2023-10-02,427.3100,169.6500,93.1300,74.2700
2023-10-03,421.5900,169.1600,92.4000,72.8200
2023-10-04,424.6600,169.1400,93.0500,73.7100
2023-10-05,424.5000,168.8300,93.1100,74.1200
2023-10-06,429.5400,169.7000,92.7500,74.3200
2023-10-09,432.2900,172.8200,93.7100,75.1300
2023-10-10,434.5400,172.5300,93.6200,75.4900
2023-10-11,436.3200,173.7900,94.0500,76.8000
2023-10-12,433.6600,173.2600,93.2400,75.6800
2023-10-13,431.5000,178.8300,93.6400,75.4900
2023-10-16,436.0400,177.9600,93.1200,76.3900
2023-10-17,436.0200,178.2900,92.4500,76.2800
2023-10-18,430.2100,180.8700,92.0200,74.6600
2023-10-19,426.4300,183.0900,91.6700,72.8900
2023-10-20,421.1900,183.5900,92.0000,72.4000
2023-10-23,420.4600,182.9700,92.3600,71.6900
2023-10-24,423.6300,182.9500,92.6900,72.6100
2023-10-25,417.5500,183.7200,92.0000,71.0500
2023-10-26,412.5500,184.0100,92.6200,72.4100
2023-10-27,410.6800,186.1500,92.5900,71.2500
2023-10-30,415.5900,185.1000,92.3700,71.7000
2023-10-31,418.2000,184.0900,92.3100,72.9200
2023-11-01,422.6600,183.5100,93.0500,73.3700
2023-11-02,430.7600,184.1200,93.6100,75.7800
2023-11-03,434.6900,184.7900,94.1800,77.5900
2023-11-06,435.6900,183.3500,93.7100,76.4700
2023-11-07,436.9300,182.5900,94.2100,75.8400
2023-11-08,437.2500,180.7700,94.5300,76.0900
2023-11-09,433.8400,181.4900,93.7400,74.8900
2023-11-10,440.6100,179.5100,93.9600,75.5900
2023-11-13,440.1900,180.5100,93.9500,74.9600
2023-11-14,448.7300,182.1200,95.1300,79.1200
2023-11-15,449.6800,181.6400,94.5400,79.3500
2023-11-16,450.2300,183.6900,95.0600,79.1800
2023-11-17,450.7900,183.6700,95.2500,79.1200
2023-11-20,454.2600,183.3700,95.4000,79.7000
2023-11-21,453.2700,185.3500,95.5000,79.1400
2023-11-22,455.0200,184.5600,95.5900,79.5300
2023-11-24,455.3000,185.5200,95.1500,79.7600
2023-11-27,454.4800,186.7700,95.6900,80.0500
2023-11-28,454.9300,189.2600,96.1100,80.5800
2023-11-29,454.6100,189.5400,96.5800,81.1400
2023-11-30,456.4000,188.7500,96.2600,81.7300
2023-12-01,459.1000,192.0100,96.8300,83.7400
2023-12-04,456.6900,187.8600,96.4600,84.3500
2023-12-05,456.6000,187.1500,97.1000,83.7900
2023-12-06,454.7600,187.8400,97.3500,83.5400
2023-12-07,458.2300,188.1500,97.3800,83.7800
2023-12-08,460.2000,185.6400,96.8900,83.6400
2023-12-11,461.9900,183.5900,96.9000,83.8700
2023-12-12,464.1000,183.4900,97.1900,83.8200
2023-12-13,470.5000,187.6300,98.4100,87.0300
2023-12-14,472.0100,188.7300,98.9200,89.5400
2023-12-15,469.3300,187.0000,98.6900,88.2800
2023-12-18,471.9700,187.8500,98.4900,88.0800
2023-12-19,474.8400,189.1300,98.6100,88.7500
2023-12-20,468.2600,188.1000,98.9700,87.6700
2023-12-21,472.7000,189.4300,98.9600,87.3700
2023-12-22,473.6500,190.2700,98.8300,87.7100
2023-12-26,475.6500,191.7200,99.0300,88.3600
2023-12-27,476.5100,192.5900,99.6600,88.7900
2023-12-28,476.6900,191.4700,99.4400,89.4200
2023-12-29,475.3100,191.1700,99.2500,88.3600
2024-01-02,472.6500,190.7200,98.7800,89.1200
2024-01-03,468.7900,189.1300,98.8300,86.9900
2024-01-04,467.2800,189.3200,98.4300,86.8300
2024-01-05,467.9200,189.3500,98.2000,86.6100
2024-01-08,474.6000,187.8700,98.5700,87.8500
2024-01-09,473.8800,187.9300,98.5500,87.2600
2024-01-10,476.5600,187.5000,98.3600,87.3600
2024-01-11,476.3500,187.8700,98.9200,86.5500
2024-01-12,476.6800,189.7100,99.1000,87.0700
2024-01-16,474.9300,187.9100,98.3600,86.4300
2024-01-17,472.2900,185.8400,98.0900,84.8500
2024-01-18,476.4900,187.3700,98.0000,84.3900
2024-01-19,482.4300,187.9300,98.0200,85.4000
2024-01-22,483.4500,187.2200,98.2000,85.9100
2024-01-23,484.8600,187.9500,97.9600,85.3200
2024-01-24,485.3900,186.4000,97.7400,84.1000
2024-01-25,488.0300,187.1400,98.1800,85.1800
2024-01-26,487.4100,187.0100,98.0700,84.9400
2024-01-29,491.2700,188.3300,98.4600,85.5000
2024-01-30,490.8900,188.5900,98.6500,84.7000
2024-01-31,482.8800,188.4500,99.1000,83.8900
2024-02-01,489.2000,190.4100,99.3700,85.4100
2024-02-02,494.3500,188.6100,98.4600,84.3500
2024-02-05,492.5500,187.5700,97.6500,82.5800
2024-02-06,493.9800,188.5500,98.1600,83.6900
2024-02-07,498.1000,188.5000,97.9600,83.5700
2024-02-08,498.3200,188.3300,97.6600,84.2500
2024-02-09,501.2000,187.6000,97.6300,84.3800
2024-02-12,500.9800,187.1100,97.6500,84.4000
2024-02-13,494.0800,184.5300,96.7500,82.6600
2024-02-14,498.5700,184.4200,97.1800,83.3100
2024-02-15,502.0100,185.6600,97.4100,85.2500
2024-02-16,499.5100,186.3400,97.1000,84.3700
2024-02-20,496.7600,187.4700,97.1900,84.2200
2024-02-21,497.2100,187.4800,96.9000,84.6900
2024-02-22,507.5000,187.5600,96.9800,84.8500
2024-02-23,507.8500,188.6200,97.3400,84.8100
2024-02-26,505.9900,188.2000,97.1300,83.8800
2024-02-27,506.9300,188.0000,97.0000,83.9800
2024-02-28,506.2600,188.3400,97.1900,84.8300
2024-02-29,508.0800,189.3100,97.3500,85.5500
2024-03-01,512.8500,192.8900,97.5300,86.5700
2024-03-04,512.3000,196.0100,97.2900,87.3800
2024-03-05,507.1800,197.1900,97.8200,86.3200
2024-03-06,509.7500,198.8100,97.9700,86.7500
2024-03-07,514.8100,199.9400,98.1800,86.7300
2024-03-08,511.7200,201.6300,98.2700,87.7300
2024-03-11,511.2800,202.0000,98.1600,87.3100
2024-03-12,516.7800,199.7900,97.9100,87.1200
2024-03-13,515.9700,201.1900,97.7300,86.6800
2024-03-14,514.9500,200.3500,97.1100,85.3800
2024-03-15,509.8300,199.7100,97.1000,85.1900
2024-03-18,512.8600,200.0300,97.0000,85.2300
2024-03-19,515.7100,199.8000,97.2400,85.2000
2024-03-20,520.4800,202.1800,97.4400,85.7600
2024-03-21,522.2000,201.9700,97.5100,86.3800
2024-03-22,521.2100,200.3500,97.8200,84.5700
2024-03-25,519.7700,200.9900,97.6400,84.0500
2024-03-26,518.8100,201.6400,97.7400,83.7100
2024-03-27,523.1700,203.1000,98.0600,85.8700
2024-03-28,523.0700,205.7200,97.9400,86.4800
2024-04-01,522.1600,207.8200,96.9400,85.0300
2024-04-02,518.8400,210.8900,96.8700,83.9600
2024-04-03,519.4100,212.7400,96.9300,84.0500
2024-04-04,513.0700,211.5200,97.1600,83.5100
2024-04-05,518.4300,215.1400,96.6800,83.9400
2024-04-08,518.7200,216.4800,96.5900,84.8400
2024-04-09,519.3200,217.6700,96.9200,85.9700
2024-04-10,514.1200,215.6100,95.7600,82.4100
2024-04-11,518.0000,219.8000,95.7800,82.6900
2024-04-12,510.8500,216.8900,95.9600,81.7100
2024-04-15,504.4500,220.9500,95.3800,80.3200
2024-04-16,503.5300,221.2200,95.1100,79.1900
2024-04-17,500.5500,219.5900,95.5500,78.6100
2024-04-18,499.5200,220.3400,95.2800,78.6200
2024-04-19,495.1600,221.0300,95.3800,79.0000
2024-04-22,499.7200,215.5700,95.4400,79.7000
2024-04-23,505.6500,215.0400,95.6400,80.4300
2024-04-24,505.4100,214.6400,95.3900,80.5800
2024-04-25,503.4900,215.9200,95.1200,80.1200
2024-04-26,508.2600,216.6200,95.3300,80.1600
2024-04-29,510.0600,216.1800,95.6200,80.9800
2024-04-30,501.9800,211.8700,95.2300,79.6100
2024-05-01,500.3500,213.7900,95.2700,79.6400
2024-05-02,505.0300,213.1300,95.7000,80.7600
2024-05-03,511.2900,212.9600,96.1900,81.3000
2024-05-06,516.5700,215.2000,96.2600,81.3700
2024-05-07,517.1400,214.2100,96.4600,82.1400
2024-05-08,517.1900,213.5800,96.2600,81.4500
2024-05-09,520.1700,216.9500,96.4400,83.1200
2024-05-10,520.8400,218.7100,96.2400,82.8900
2024-05-13,520.9100,216.2600,96.2900,83.1600
2024-05-14,523.3000,218.0900,96.5500,83.8000
2024-05-15,529.7800,220.8900,97.1900,84.9600
2024-05-16,528.6900,220.0300,97.0800,84.9000
2024-05-17,529.4500,223.6600,96.7700,84.8900
2024-05-20,530.0600,224.5600,96.6800,84.3900
2024-05-21,531.3600,224.2300,96.8600,84.3600
2024-05-22,529.8300,220.1100,96.7400,83.6000
2024-05-23,525.9600,215.7200,96.4700,81.8000
2024-05-24,529.4400,215.9200,96.5800,81.8600
2024-05-28,529.8100,218.1900,96.1300,81.3200
2024-05-29,526.1000,216.1600,95.7600,80.5300
2024-05-30,522.6100,216.5700,96.2100,81.7100
2024-05-31,527.3700,215.3000,96.5200,83.2400
2024-06-03,527.8000,217.2200,96.8000,83.0500
2024-06-04,528.3900,215.2700,97.1500,83.6900
2024-06-05,534.6700,217.8200,97.4500,83.5900
2024-06-06,534.6600,219.4300,97.4800,83.7500
2024-06-07,534.0100,211.6000,96.6200,82.9600
2024-06-10,535.6600,213.5400,96.5400,83.2400
2024-06-11,536.9500,214.1500,96.8700,82.9400
2024-06-12,541.3600,214.7200,97.3300,83.6800
2024-06-13,542.4500,212.9700,97.8200,84.0200
2024-06-14,542.7800,215.7300,97.9200,84.0000
2024-06-17,547.1000,214.6100,97.5700,83.6700
2024-06-18,548.4900,215.4700,97.9200,84.0000
2024-06-20,547.0000,218.1600,97.7500,83.7600
2024-06-21,544.5100,214.7800,97.7600,83.9700
2024-06-24,542.7400,215.6300,97.8400,84.6200
2024-06-25,544.8300,214.5600,97.8300,83.5800
2024-06-26,545.5100,212.5800,97.3900,83.3200
2024-06-27,546.3700,214.9900,97.5500,84.1300
2024-06-28,544.2200,215.0100,97.0700,83.7600
2024-07-01,545.3400,215.5700,96.2500,82.9700
2024-07-02,549.0100,215.5600,96.5700,83.3600
2024-07-03,551.4600,217.9900,97.0900,83.2800
2024-07-05,554.6400,220.9300,97.5800,83.5100
2024-07-08,555.2800,218.1900,97.6100,83.7800
2024-07-09,555.8200,218.5600,97.5200,83.7600
2024-07-10,561.3200,219.3600,97.6200,84.3800
2024-07-11,556.4800,223.2500,98.1200,86.8000
2024-07-12,559.9900,223.1100,98.3900,87.4600
2024-07-15,561.5300,223.8300,98.0500,88.0500
2024-07-16,564.8600,228.2900,98.4500,89.1300
2024-07-17,556.9400,227.2300,98.5200,89.7400
2024-07-18,552.6600,225.7800,98.2500,88.9500
2024-07-19,548.9900,221.7300,98.0500,88.7900
2024-07-22,554.6500,221.8000,98.0100,89.7100
2024-07-23,553.7800,222.5800,98.0000,89.6400
2024-07-24,541.2300,221.8000,97.7000,88.3200
2024-07-25,538.4100,218.3300,97.9700,88.0300
2024-07-26,544.4400,220.6300,98.3200,89.5700
2024-07-29,544.7600,220.3200,98.4800,90.0300
2024-07-30,542.0000,222.5200,98.5800,90.7300
2024-07-31,550.8100,226.5500,99.1100,90.4100
2024-08-01,543.0100,225.7700,99.2200,91.3200
2024-08-02,532.9000,225.3400,100.3300,91.2700
2024-08-05,517.3800,222.4800,100.2500,88.6600
2024-08-06,522.1500,220.7000,99.6500,90.4100
2024-08-07,518.6600,220.5500,99.3500,89.7900
2024-08-08,530.6500,224.0100,99.2000,90.6700
2024-08-09,532.9900,224.5600,99.5500,91.0900
2024-08-12,533.2700,228.4100,99.7200,90.4200
2024-08-13,542.0400,228.0600,100.1200,91.2100
2024-08-14,543.7500,226.2000,100.3000,91.4500
2024-08-15,553.0700,226.9100,99.8800,91.3800
2024-08-16,554.3100,231.9900,100.1200,91.3300
2024-08-19,559.6100,231.6100,100.2300,92.0900
2024-08-20,558.7000,232.4600,100.5300,91.9800
2024-08-21,560.6200,232.1500,100.7200,92.4700
2024-08-22,556.2200,229.3700,100.3100,92.7400
2024-08-23,562.1300,232.0200,100.7700,94.7800
2024-08-26,560.7900,232.7600,100.6800,94.7400
2024-08-27,561.5600,233.3900,100.7100,94.8800
2024-08-28,558.3000,231.7500,100.6200,94.5100
2024-08-29,558.3500,232.9500,100.4900,94.2200
2024-08-30,563.6800,231.2900,100.2500,95.1300
2024-09-03,552.0800,230.2900,100.3600,95.0800
2024-09-04,550.9500,230.4300,100.8000,95.3500
2024-09-05,549.6100,232.3500,101.0600,95.0400
2024-09-06,540.3600,230.6300,101.1900,94.9500
2024-09-09,546.4100,231.6000,101.3400,96.0100
2024-09-10,548.7900,232.6200,101.6500,97.4000
2024-09-11,554.4200,232.2500,101.6200,97.2100
2024-09-12,559.0900,236.3300,101.5300,97.6200
2024-09-13,562.0100,238.6800,101.7400,98.6400
2024-09-16,562.8400,238.6600,101.9800,98.9700
2024-09-17,563.0700,237.3400,101.8800,98.2800
2024-09-18,561.4000,235.5100,101.5600,98.1600
2024-09-19,570.9800,239.1700,101.5700,98.1800
2024-09-20,568.2500,242.2100,101.4800,97.7900
2024-09-23,569.6700,242.6800,101.4400,98.7600
2024-09-24,571.3000,246.0700,101.5800,98.9000
2024-09-25,570.0400,245.7300,101.1900,98.2400
2024-09-26,572.3000,246.9800,101.2100,97.3500
2024-09-27,571.4700,245.0200,101.5000,96.6600
2024-09-30,573.7600,243.0600,101.2700,97.4200
2024-10-01,568.6200,245.6100,101.2300,96.7900
2024-10-02,568.8600,245.6600,101.0200,96.4500
2024-10-03,567.8200,245.4900,100.6100,95.5700
2024-10-04,572.9800,245.0000,99.9600,95.1100
2024-10-07,567.8000,244.1700,99.6200,94.2700
2024-10-08,573.1700,242.3700,99.7900,94.4600
2024-10-09,577.1400,241.0500,99.5300,94.5600
2024-10-10,576.1300,242.8200,99.4700,93.7200
2024-10-11,579.5800,245.4700,99.5000,94.7800
2024-10-14,584.3200,245.0700,99.4100,95.3500
2024-10-15,579.7800,245.9200,99.8100,96.5000
2024-10-16,582.3000,247.1500,99.9400,97.5600
2024-10-17,582.3500,248.6300,99.4500,96.7900
2024-10-18,584.5900,251.2700,99.5200,97.5100
2024-10-21,583.6300,251.2200,98.8300,95.6000
2024-10-22,583.3200,253.9300,98.8500,95.7400
2024-10-23,577.9900,250.8700,98.6000,96.4400
2024-10-24,579.2400,252.8000,98.7900,96.6500
2024-10-25,579.0400,253.3200,98.5900,95.7400
2024-10-28,580.8300,253.3300,98.4300,96.0400
2024-10-29,581.7700,256.0900,98.5400,95.3500
2024-10-30,580.0100,257.5000,98.4400,95.7700
2024-10-31,568.6400,253.5100,98.4200,94.1500
2024-11-01,571.0400,252.4700,97.7200,93.1100
2024-11-04,569.8100,252.8300,98.1300,94.1300
2024-11-05,576.7000,253.4000,98.3600,95.3800
2024-11-06,591.0400,245.7000,97.5900,93.3500
2024-11-07,595.6100,249.6500,98.3300,94.4700
2024-11-08,598.1900,247.9600,98.5000,95.8800
2024-11-11,598.7600,242.1400,98.2800,95.4000
2024-11-12,596.9000,240.0500,97.7100,94.0800
2024-11-13,597.1900,237.6300,97.6900,94.6000
2024-11-14,593.3500,237.0100,97.6500,93.7500
2024-11-15,585.7500,236.5900,97.6600,93.8000
2024-11-18,588.1500,241.0900,97.7500,94.4800
2024-11-19,590.3000,243.2500,97.8900,94.9400
2024-11-20,590.5000,244.6200,97.7900,94.8200
2024-11-21,593.6700,246.6600,97.7400,95.5200
2024-11-22,595.5100,249.8400,97.8100,96.2400
2024-11-25,597.5300,242.4800,98.6900,97.5800
2024-11-26,600.6500,242.9500,98.5400,97.9700
2024-11-27,598.8300,243.4900,98.8100,98.6000
2024-11-29,602.5500,245.5900,99.2000,98.1600
2024-12-02,603.6300,243.4400,98.9000,96.7300
2024-12-03,603.9100,243.9300,98.7100,96.2400
2024-12-04,607.6600,244.6700,99.0300,95.9800
2024-12-05,606.6600,242.8600,99.0500,95.7500
2024-12-06,607.8100,242.9500,99.3300,95.6100
2024-12-09,604.6800,245.3600,99.0400,95.8800
2024-12-10,602.8000,248.5900,98.9200,94.4900
2024-12-11,607.4600,250.9600,98.6900,94.2700
2024-12-12,604.3300,247.2800,98.2900,94.1200
2024-12-13,604.2100,244.2900,97.9200,93.8500
2024-12-16,606.7900,244.8800,98.0100,93.5200
2024-12-17,604.2900,243.9400,98.0100,93.0700
2024-12-18,586.2800,239.2600,96.9500,89.2300
2024-12-19,586.1000,239.6000,96.7000,87.8500
2024-12-20,591.1500,242.1000,96.9600,89.3300
2024-12-23,594.6900,240.9600,96.6600,88.8200
2024-12-24,601.3000,241.4400,96.7700,89.4100
2024-12-26,601.3400,243.0700,96.8400,89.6500
2024-12-27,595.0100,241.4000,96.6400,88.7500
2024-12-30,588.2200,240.6300,97.0200,88.3100
2024-12-31,586.0800,242.1300,96.9000,89.0800
2025-01-02,584.6400,245.4200,96.9100,88.2900
2025-01-03,591.9500,243.4900,96.8100,89.4500
2025-01-06,595.3600,243.1900,96.7100,88.3000
2025-01-07,588.6300,244.5600,96.3700,87.4600
2025-01-08,589.4900,245.8600,96.4800,87.6900
2025-01-10,580.4900,248.2100,95.9400,85.5500
2025-01-13,581.3900,245.7400,95.8500,86.6000
2025-01-14,582.1900,247.0300,95.8800,87.3900
2025-01-15,592.7800,248.8800,96.7100,87.8900
2025-01-16,591.6400,250.6000,96.9200,89.7100
2025-01-17,597.5800,249.2700,96.9200,89.6500
2025-01-21,603.0500,253.1300,97.2400,91.3300
2025-01-22,606.4400,254.4300,97.0100,89.7400
2025-01-23,609.7500,254.0700,96.8500,90.4000
2025-01-24,607.9700,255.6500,97.0100,90.7100
2025-01-27,599.3700,252.9900,97.5500,91.9200
2025-01-28,604.5200,255.1800,97.5200,90.8100
2025-01-29,601.8100,254.2000,97.4600,89.6100
2025-01-30,605.0400,258.0500,97.6000,90.7500
2025-01-31,601.8200,258.5600,97.4000,90.5500
2025-02-03,597.7700,259.9400,97.1700,90.3600
2025-02-04,601.7800,262.5000,97.3500,90.4300
2025-02-05,604.2200,264.1300,97.8700,91.7000
2025-02-06,606.3200,263.4300,97.7700,91.9300
2025-02-07,600.7700,263.9000,97.4600,91.6300
2025-02-10,604.8500,268.3700,97.4900,91.5900
2025-02-11,605.3100,267.3900,97.2700,91.9900
2025-02-12,603.3600,267.6700,96.7600,91.1400
2025-02-13,609.7300,270.3100,97.3400,92.0500
2025-02-14,609.7000,266.2900,97.7000,91.6300
2025-02-18,611.4900,270.7000,97.3100,92.0400
2025-02-19,612.9300,270.8500,97.4500,92.1100
2025-02-20,610.3800,270.9900,97.6000,92.5500
2025-02-21,599.9400,270.7400,98.0200,91.6400
2025-02-24,597.2100,272.2100,98.1900,92.0000
2025-02-25,594.2400,268.6200,98.8000,93.1300
2025-02-26,594.5400,269.0300,98.9600,92.7400
2025-02-27,585.0500,264.9300,98.8100,93.1100
2025-02-28,594.1800,263.2700,99.2500,93.9000
2025-03-03,583.7700,266.7400,99.1600,94.3400
2025-03-04,576.8600,269.0600,98.9100,93.2500
2025-03-05,583.0600,269.6200,98.5700,94.2900
2025-03-06,572.7100,268.2500,98.4700,91.8700
2025-03-07,575.9200,268.3900,98.3500,92.4200
2025-03-10,560.5800,266.0400,98.8200,91.5300
2025-03-11,555.9200,269.1600,98.4700,90.4600
2025-03-12,558.8700,270.3300,98.1800,90.1800
2025-03-13,551.4200,275.1300,98.4800,88.4000
2025-03-14,562.8100,275.2400,98.2800,90.1700
2025-03-17,567.1500,276.7300,98.4100,91.7100
2025-03-18,561.0200,279.9600,98.5100,91.2300
2025-03-19,567.1300,281.1100,98.8000,91.3400
2025-03-20,565.4900,280.7500,98.8600,91.2800
2025-03-21,563.9800,278.4900,98.7400,90.2700
2025-03-24,574.0800,277.2500,98.3600,91.6600
2025-03-25,575.4600,278.4700,98.4500,89.7100
2025-03-26,568.5900,278.2400,98.2100,90.0600
2025-03-27,567.0800,281.9700,98.1600,89.8300
2025-03-28,555.6600,284.0600,98.7300,89.7100
2025-03-31,559.3900,288.1400,98.9200,90.5400
2025-04-01,560.9700,287.5700,98.9600,90.5800
2025-04-02,564.5200,288.1600,98.8500,91.1300
2025-04-03,536.7000,286.4200,99.3700,88.0200
2025-04-04,505.2800,279.7200,99.4600,84.2000
2025-04-07,504.3800,273.7100,98.2000,81.9900
2025-04-08,496.4800,275.2000,97.6900,79.7900
2025-04-09,548.6200,285.3800,97.9100,84.5500
2025-04-10,524.5800,292.3500,97.1400,82.6200
2025-04-11,533.9400,297.9300,97.0400,83.6300
2025-04-14,539.1200,296.2300,97.6100,85.3600
2025-04-15,537.6100,297.7800,97.8100,85.6200
2025-04-16,525.6600,307.4700,98.1200,85.5600
2025-04-17,526.4100,306.1200,97.8700,86.8400
2025-04-21,513.8800,315.5900,97.2800,85.0300
2025-04-22,527.2500,311.1100,97.4600,86.6800
2025-04-23,535.4200,303.6500,97.7000,86.8400
2025-04-24,546.6900,308.0700,98.2400,87.1600
2025-04-25,550.6400,304.7300,98.6000,87.0100
2025-04-28,550.8500,309.0700,98.8700,87.5500
2025-04-29,554.3200,306.0600,99.1100,88.0200
2025-04-30,554.5400,303.7700,99.0200,88.3300
2025-05-01,558.4700,297.4600,98.4300,88.6200
2025-05-02,566.7600,297.9800,97.9500,89.7100
2025-05-05,563.5100,306.8800,97.7800,89.5100
2025-05-06,558.8000,315.4800,98.0200,88.8200
2025-05-07,561.1500,310.7500,98.1700,88.9200
2025-05-08,565.0600,304.6300,97.6600,88.5700
2025-05-09,564.3400,306.8400,97.7600,89.1600
2025-05-12,582.9900,298.1900,97.4300,89.6000
2025-05-13,586.8400,299.4600,97.3300,88.4600
2025-05-14,587.5900,293.1600,97.0500,87.5900
2025-05-15,590.4600,297.8400,97.6000,89.1900
2025-05-16,594.2000,294.2400,97.6600,90.3000
2025-05-19,594.8500,298.0300,97.6300,90.3200
2025-05-20,592.8500,303.5800,97.4600,89.7900
2025-05-21,582.8600,305.8200,96.8200,87.4000
2025-05-22,583.0900,303.1100,97.1000,87.0000
2025-05-23,579.1100,309.7500,97.2400,87.0900
2025-05-27,591.1500,304.5000,97.6800,88.6100
2025-05-28,587.7300,303.8100,97.5000,88.5200
2025-05-29,590.0500,305.6100,97.8600,89.3200
2025-05-30,589.3900,303.6000,98.1000,89.3200
2025-06-02,592.7100,311.6700,97.5200,89.4400
2025-06-03,596.0900,308.9100,97.4500,89.2600
2025-06-04,595.9300,310.9000,98.0300,89.5100
2025-06-05,593.0500,309.3300,97.7800,89.4400
2025-06-06,599.1400,305.1800,97.2800,89.8700
2025-06-09,599.6800,306.6200,97.4000,89.9900
2025-06-10,603.0800,306.7100,97.6200,90.7600
2025-06-11,601.3600,308.3700,97.9500,90.2700
2025-06-12,603.7500,312.2000,98.3100,90.7100
2025-06-13,597.0000,316.2900,97.9600,89.8300
2025-06-16,602.6800,311.7800,97.7600,89.9000
2025-06-17,597.5300,311.9400,98.0600,89.5800
2025-06-18,597.4400,310.2600,98.1300,89.8900
2025-06-20,594.2800,310.1300,98.2200,89.8300
2025-06-23,600.1500,311.0800,98.4200,91.1800
2025-06-24,606.7800,306.1900,98.8200,91.4200
2025-06-25,607.1200,307.1200,98.8100,89.2200
2025-06-26,611.8700,306.7800,99.0800,88.2700
2025-06-27,614.9100,301.2200,98.8000,88.4900
2025-06-30,617.8500,304.8300,99.2000,89.0600
2025-07-01,617.6500,307.5500,98.7900,89.7100
2025-07-02,620.4500,309.2500,98.6700,89.9200
2025-07-03,625.3400,307.1400,98.4700,90.0200
2025-07-07,620.6800,307.3700,98.1200,89.2500
2025-07-08,620.3400,304.1600,98.0800,89.1200
2025-07-09,624.0600,305.5200,98.4900,89.1900
2025-07-10,625.8200,306.2000,98.4600,89.7500
2025-07-11,623.6200,309.1400,98.0500,89.7600
2025-07-14,624.8100,308.0100,98.0400,90.3400
2025-07-15,622.1400,306.7300,97.7500,89.0100
2025-07-16,624.2200,308.2600,97.8900,89.8500
2025-07-17,628.0400,307.5900,97.9300,89.7500
2025-07-18,627.5800,308.3900,98.1100,89.9400
2025-07-21,628.7700,313.1300,98.3800,90.3100
2025-07-22,628.8600,316.1000,98.5700,91.8600
2025-07-23,634.2100,312.1800,98.3500,92.0400
2025-07-24,634.4200,310.2700,98.2900,91.7200
2025-07-25,637.1000,307.4000,98.4500,91.7300
2025-07-28,636.9400,305.4100,98.3200,90.2600
2025-07-29,635.2600,306.2500,98.8500,91.7100
2025-07-30,634.4600,300.9600,98.5700,90.4100
2025-07-31,632.0800,302.9600,98.6200,89.1400
2025-08-01,621.7200,309.1100,99.1400,88.9200
2025-08-04,631.1700,310.9100,99.2200,89.8300
2025-08-05,627.9700,311.1600,99.2500,90.2400
2025-08-06,632.7800,310.5000,99.2100,89.5400
2025-08-07,632.2500,313.1200,99.1300,89.8000
2025-08-08,637.1800,313.0500,98.9400,89.0600
2025-08-11,635.9200,308.5500,99.0100,88.4700
2025-08-12,642.6900,308.2700,99.0100,88.9700
2025-08-13,644.8900,309.2100,99.3700,89.8000
2025-08-14,644.9500,307.2500,99.0900,89.1600
2025-08-15,643.4400,307.4300,98.9400,89.6700
2025-08-18,643.3000,306.9500,98.8300,88.9100
2025-08-19,639.8100,305.2700,99.0200,90.4400
2025-08-20,638.1100,308.3600,99.0800,90.7000
2025-08-21,635.5500,307.2900,98.8500,90.4300
2025-08-22,645.3100,310.5800,99.4000,92.1800
2025-08-25,642.4700,309.8300,99.2500,91.6500
2025-08-26,645.1600,312.0800,99.3700,91.4100
2025-08-27,646.6300,312.7100,99.4700,91.9800
2025-08-28,648.9200,315.0300,99.5900,91.7400
2025-08-29,645.0500,318.0700,99.4600,92.2400
2025-09-02,640.2700,325.5900,98.8700,90.7100
2025-09-03,643.7400,328.1400,99.2300,90.7600
2025-09-04,649.1200,326.6900,99.6300,91.4400
2025-09-05,647.2400,331.0500,100.1000,92.4700
2025-09-08,648.8300,334.8200,100.4400,91.9300
2025-09-09,650.3300,334.0600,100.2400,91.7200
2025-09-10,652.2100,335.2600,100.4400,91.5700
2025-09-11,657.6300,334.7600,100.6300,93.2400
2025-09-12,657.4100,335.4200,100.5400,92.8100
2025-09-15,660.9100,338.9100,100.7100,92.6600
2025-09-16,660.0000,339.5900,100.7500,92.1700
2025-09-17,659.1800,336.9700,100.5700,92.0500
2025-09-18,662.2600,335.6200,100.2900,92.2500
2025-09-19,663.7000,339.1800,100.2900,91.6500
2025-09-22,666.8400,345.0500,100.1700,91.6700
2025-09-23,663.2100,346.4600,100.3300,92.1700
2025-09-24,661.1000,343.3200,100.1400,90.4000
2025-09-25,658.0500,344.7500,100.0000,90.1300
2025-09-26,661.8200,346.7400,100.0700,91.0200
2025-09-29,663.6800,352.4600,100.2600,91.0500
2025-09-30,666.1800,355.4700,100.2500,91.4200
2025-10-01,668.4500,356.0300,100.1800,91.5600
2025-10-02,669.2200,354.7900,100.2900,91.0800
2025-10-03,669.2100,357.6400,100.1800,91.4200
2025-10-06,671.6100,364.3800,99.9600,90.5600
2025-10-07,669.1200,366.2600,100.1300,90.2300
2025-10-08,673.1100,372.3000,100.1400,89.7600
2025-10-09,671.1600,365.4300,100.0200,89.2700
2025-10-10,653.0200,369.1200,100.4300,88.1300
2025-10-13,663.0400,378.0900,100.6200,88.6900
2025-10-14,662.2300,380.7900,100.7800,89.6000
2025-10-15,665.1700,387.3900,100.7400,90.9000
2025-10-16,660.6400,396.4500,101.1000,90.5800
2025-10-17,664.3900,388.9900,100.9600,91.1700
2025-10-20,671.3000,403.1500,101.1300,92.0900
2025-10-21,671.2900,377.2400,101.2300,91.8300
2025-10-22,667.8000,377.2800,101.2200,92.2200
2025-10-23,671.7600,378.7900,101.0400,92.1600
2025-10-24,677.2500,377.5200,101.1400,92.4300
2025-10-27,685.2400,367.0100,101.2100,92.6900
2025-10-28,687.0600,364.3800,101.2700,90.8700
2025-10-29,687.3900,363.0000,100.7900,88.5300
2025-10-30,679.8300,370.1300,100.6000,88.9500
2025-10-31,682.0600,368.1200,100.5400,89.1800
2025-11-03,683.3400,368.7800,100.0900,89.0500
2025-11-04,675.2400,362.3200,100.1400,89.2000
2025-11-05,677.5800,366.5100,99.8700,89.2800
2025-11-06,670.3100,366.0700,100.2400,88.8500
2025-11-07,670.9700,368.3100,100.2000,90.2300
2025-11-10,681.4400,378.3800,100.1600,90.1800
2025-11-11,683.0000,379.8700,100.4600,91.1900
2025-11-12,683.3800,385.9900,100.4200,90.5100
2025-11-13,672.0400,382.8700,100.1200,89.4000
2025-11-14,671.9300,375.9600,100.0000,89.5900
2025-11-17,665.6700,371.6500,100.0200,88.8500
2025-11-18,660.0800,374.3500,100.0800,89.2100
2025-11-19,662.6300,374.9600,100.0800,88.5100
2025-11-20,652.5300,374.8500,100.2000,88.1400
2025-11-21,659.0300,374.2700,100.4400,89.5700
2025-11-24,668.7300,380.2000,100.6400,89.8100
2025-11-25,675.0200,380.0800,100.8000,90.6400
2025-11-26,679.6800,383.1200,100.9600,91.0400
2025-11-28,683.3900,387.8800,100.8200,91.3400
2025-12-01,680.2700,389.7500,100.0600,90.2900
2025-12-02,681.5300,387.2400,100.1900,89.9700
2025-12-03,683.8900,386.8800,100.3800,90.2000
2025-12-04,684.3900,387.1300,100.1400,89.9800
2025-12-05,685.6900,386.4400,100.0300,89.8800
2025-12-08,683.6300,385.4200,99.8700,89.1900
2025-12-09,683.0400,387.4000,99.7800,88.8500
2025-12-10,687.5700,389.0500,100.1000,89.1700
2025-12-11,689.1700,393.2400,100.1200,89.5600
2025-12-12,681.7600,395.4400,99.8100,89.4500
2025-12-15,680.7300,395.8000,99.9100,89.7300
2025-12-16,678.8700,395.8900,100.1000,89.0700
2025-12-17,671.4000,399.2900,100.0700,89.4000
2025-12-18,676.4700,398.5700,100.3200,88.9300
2025-12-19,680.5900,399.0200,99.8400,88.5900
2025-12-22,684.8300,408.2300,99.8000,88.2400
2025-12-23,687.9600,413.6400,99.8000,88.1800
2025-12-24,690.3800,411.9300,100.0200,88.7600
2025-12-26,690.3100,416.7400,100.0400,88.8600
2025-12-29,687.8500,398.6000,100.1600,89.0400
2025-12-30,687.0100,398.8900,100.1200,89.2200
2025-12-31,681.9200,396.3100,99.8800,88.4900
2026-01-02,683.1700,398.2800,99.8500,88.5200
2026-01-05,687.7200,408.7600,100.0400,88.7200
2026-01-06,691.8100,413.1800,100.0200,89.3700
2026-01-07,689.5800,409.2300,100.1200,88.5000
2026-01-08,689.5100,411.4900,99.9400,89.2900
2026-01-09,694.0700,414.4700,100.1600,89.4700
2026-01-12,695.1600,422.2300,100.1100,89.5900
2026-01-13,693.7700,421.6300,100.2000,90.0900
2026-01-14,690.3600,425.9400,100.3500,90.8700
2026-01-15,692.2400,423.3300,100.2200,91.5000
2026-01-16,691.6600,421.2900,100.0500,92.6200
2026-01-20,677.5800,437.2300,99.6700,90.9000
2026-01-21,685.4000,443.6000,100.0000,91.2600
2026-01-22,688.9800,451.7900,100.0200,90.3600
2026-01-23,689.2300,458.0000,100.1100,90.5400
2026-01-26,692.7300,464.7000,100.2600,90.4200
2026-01-27,695.4900,476.1000,100.1900,90.3900
2026-01-28,695.4200,494.5600,100.1500,89.4600
2026-01-29,694.0400,495.9000,100.1500,90.7100
2026-01-30,691.9700,444.9500,100.1300,90.8000
2026-02-02,695.4100,427.1300,99.6900,89.8600
2026-02-03,689.5300,454.2900,99.7000,89.6600
2026-02-04,686.1900,453.9700,99.6400,90.9500
2026-02-05,677.6200,441.8800,100.0700,90.8200
2026-02-06,690.6200,455.4600,100.1300,92.2500
2026-02-09,693.9500,467.0300,100.1600,92.6400
2026-02-10,692.1200,462.4000,100.4500,93.8800
2026-02-11,691.9600,467.6300,100.2200,93.3600
2026-02-12,681.2700,451.3900,100.6700,93.2500
2026-02-13,681.7500,462.6200,100.9900,94.5900
2026-02-17,682.8500,448.2000,101.0000,95.4900
2026-02-18,686.2900,458.2800,100.8600,94.3700
2026-02-19,684.4800,459.5600,100.8800,94.1700
2026-02-20,689.4300,468.6200,100.9000,94.8800
2026-02-23,682.3900,481.2800,101.1000,94.8900
2026-02-24,687.3500,474.6100,101.0900,95.1300
2026-02-25,693.1500,473.4200,101.0400,94.8700
2026-02-26,689.3000,477.4800,101.2000,95.5200
2026-02-27,685.9900,483.7500,101.4000,95.6900
2026-03-02,686.3800,490.0000,100.6800,95.9300
2026-03-03,680.3300,468.1400,100.5700,95.4200
2026-03-04,685.1300,471.8000,100.5300,95.5400
2026-03-05,681.3100,466.1300,100.2400,94.5800
2026-03-06,672.3800,473.5100,100.1200,93.5500
2026-03-09,678.2700,472.5300,100.4400,93.7600
2026-03-10,677.1800,477.8600,100.1100,93.6200
2026-03-11,676.3300,476.2400,99.6600,92.6500
2026-03-12,666.0600,466.8800,99.2900,92.0100
2026-03-13,662.2900,460.8400,99.2100,92.1600
2026-03-16,669.0300,460.4300,99.6000,92.9300
2026-03-17,670.7900,459.2700,99.8000,93.3400
2026-03-18,661.4300,444.7400,99.3800,91.9600
2026-03-19,659.8000,426.4100,99.4900,91.5900
2026-03-20,648.5700,413.3800,98.6600,88.7500
2026-03-23,655.3800,404.0400,99.0300,89.4400
2026-03-24,653.1800,404.1300,98.7600,87.9100
2026-03-25,656.8200,416.2900,99.1100,87.8400
2026-03-26,645.0900,400.6400,98.5500,87.7200
2026-03-27,634.0900,414.7000,98.5400,87.0000
2026-03-30,631.9700,414.5800,99.0400,87.3300
2026-03-31,650.3400,430.2900,99.2700,88.7000
2026-04-01,655.2400,437.8200,99.0000,89.0200
2026-04-02,655.8300,429.4100,99.2300,90.2300
2026-04-06,658.9300,427.6500,99.0500,90.3600
2026-04-07,659.2200,431.8100,99.1700,90.4900
2026-04-08,676.0100,434.5300,99.4300,92.1200
2026-04-09,679.9100,437.9100,99.4900,92.7800
2026-04-10,679.4600,437.1300,99.3200,92.9800
2026-04-13,686.1000,435.3600,99.5200,93.3300
2026-04-14,694.4600,445.0900,99.7800,94.2200
2026-04-15,699.9400,440.4600,99.6200,94.2900
2026-04-16,701.6600,440.0800,99.4800,95.1600
2026-04-17,710.1400,445.9300,99.8500,96.6800
2026-04-20,708.7200,442.0900,99.8400,97.0300
2026-04-21,704.0800,429.5700,99.4700,95.3100
2026-04-22,711.2100,435.2600,99.6100,94.5200
2026-04-23,708.4500,431.0400,99.4500,95.4900
2026-04-24,713.9400,433.2500,99.5900,95.3000
2026-04-27,715.1700,429.8900,99.4400,94.7800
2026-04-28,711.6900,421.9100,99.4000,95.6500
2026-04-29,711.5800,417.4100,98.9600,94.9000
2026-04-30,718.6600,423.6600,99.1000,96.3300
2026-05-01,720.6500,423.1800,98.9000,96.0600
2026-05-04,718.0100,414.7100,98.5900,95.4600
2026-05-05,723.7700,418.2700,98.7700,95.7600
2026-05-06,733.8300,430.9600,99.1900,97.0900
2026-05-07,731.5800,431.6800,98.9500,96.3900
2026-05-08,737.6200,433.7700,99.1800,96.6200
2026-05-11,739.3000,434.6500,98.9200,96.6900
2026-05-12,738.1800,432.9300,98.6300,96.6900
2026-05-13,742.3100,430.5000,98.6700,95.8900
2026-05-14,748.1700,427.2100,98.6400,95.3200
2026-05-15,739.1700,417.2900,98.0200,93.9100
2026-05-18,738.6500,418.4300,98.0100,95.0100
2026-05-19,733.7300,411.5000,97.6300,95.2800
2026-05-20,741.2500,417.4000,98.2200,96.4900
2026-05-21,742.7200,416.9900,98.3400,96.6700
2026-05-22,745.6400,413.8200,98.4400,96.7700
2026-05-26,750.5900,414.0000,98.7200,97.2200
2026-05-27,750.4600,408.4900,98.8000,96.9200
2026-05-28,754.6000,412.7700,99.0000,96.5500
2026-05-29,756.4800,417.1200,99.0600,95.7000
2026-06-01,758.5400,411.2600,98.6800,94.0900
2026-06-02,759.5700,411.9500,98.7100,94.5200
2026-06-03,754.2400,407.8700,98.5000,94.4100
2026-06-04,757.0900,411.2700,98.6600,96.1000
2026-06-05,737.5500,396.2400,98.1700,96.7900
2026-06-08,739.2200,397.2700,98.1700,95.4700
2026-06-09,737.0500,390.7800,98.3700,97.6700
2026-06-10,725.4300,374.5800,98.3100,97.6800
2026-06-11,737.7600,386.3200,98.8800,97.6100
2026-06-12,741.7500,386.5400,98.7600,98.5100
2026-06-15,754.8300,396.5500,98.8500,97.8200
2026-06-16,750.3300,397.6300,98.9700,98.0600
2026-06-17,740.9600,388.6000,98.6100,95.6100
2026-06-18,746.7400,387.1200,98.9000,95.5600
2026-06-22,744.3900,384.5900,98.6300,96.5900
2026-06-23,733.5800,377.3200,98.7100,97.8600
2026-06-24,733.2400,365.9200,99.1900,97.0100
2026-06-25,734.3000,369.4600,99.2500,97.1900
2026-06-26,728.9900,373.6300,99.3400,98.6700
2026-06-29,741.0000,368.5800,99.3700,98.1500
2026-06-30,746.7700,368.3800,98.9800,96.4300
2026-07-01,745.7600,370.6000,98.5000,96.8200
2026-07-02,744.7800,378.1300,98.6100,98.0200
2026-07-06,751.2800,382.1300,98.6600,97.2400
2026-07-07,747.7100,377.4900,98.2100,98.4000
2026-07-08,745.4000,374.4500,98.0400,96.8000
2026-07-09,751.7100,378.1800,98.1800,97.0900
2026-07-10,754.9500,377.0100,98.0800,97.3200
2026-07-13,749.1700,367.1300,97.7100,97.8300
2026-07-14,751.8300,372.1500,98.0000,97.5700
2026-07-15,754.8100,372.3500,98.1400,97.8600
2026-07-16,750.7200,364.9600,98.1300,100.0700
2026-07-17,743.2900,368.4100,98.2000,100.0200
2026-07-20,742.0900,367.6000,97.9500,99.4800
2026-07-21,748.2800,374.8100,97.7400,99.5200
2026-07-22,747.4100,379.1200,97.5800,99.0200
2026-07-23,738.1800,371.5200,97.3400,98.6900
2026-07-24,738.9300,371.9000,97.4600,100.8100
2026-07-27,739.0900,374.6300,97.6900,100.5400
2026-07-28,740.8600,369.3700,97.9200,100.9500
2026-07-29,729.4600,371.0800,97.5500,100.6600
2026-07-30,741.6900,377.1600,97.6200,99.4900
2026-07-31,747.0300,371.5400,97.3700,98.9500
2026-08-03,757.6700,371.7100,97.2600,99.0700
2026-08-04,771.3300,374.1600,97.6600,98.9200
2026-08-05,769.7900,389.6400,97.7100,98.9200
2026-08-06,768.5600,389.6700,97.4300,98.0400
2026-08-07,773.2600,398.4700,97.6000,98.4300
2026-08-10,773.0300,402.5400,97.2400,97.1100
2026-08-11,770.5600,400.9600,97.3200,96.3800
2026-08-12,772.4900,404.9200,97.4300,97.3100
2026-08-13,777.8800,398.9600,97.6900,98.5800
2026-08-14,776.3400,401.4800,97.4800,98.8300
2026-08-17,772.6700,405.4900,97.2500,97.9800
2026-08-18,767.4500,398.5500,97.3500,97.6200
2026-08-19,769.0600,413.8400,97.8200,98.6100
2026-08-20,762.6000,415.2600,97.4900,98.6000
2026-08-21,765.7200,423.3600,97.3500,98.5000
2026-08-24,763.4700,426.6900,97.5500,99.1000
2026-08-25,765.9100,428.0700,98.0100,99.2500
2026-08-26,766.0800,421.3200,97.8600,98.6100
2026-08-27,769.9450,421.9500,97.7802,97.7150
